"ubigeo_reniec	departamento	provincia	distrito				"
"010101	AMAZONAS	CHACHAPOYAS	CHACHAPOYAS				"
"010102	AMAZONAS	CHACHAPOYAS	ASUNCION				"
"010103	AMAZONAS	CHACHAPOYAS	BALSAS				"
"010104	AMAZONAS	CHACHAPOYAS	CHETO				"
"010105	AMAZONAS	CHACHAPOYAS	CHILIQUIN				"
"010106	AMAZONAS	CHACHAPOYAS	CHUQUIBAMBA				"
"010107	AMAZONAS	CHACHAPOYAS	GRANADA				"
"010108	AMAZONAS	CHACHAPOYAS	HUANCAS				"
"010109	AMAZONAS	CHACHAPOYAS	LA JALCA				"
"010110	AMAZONAS	CHACHAPOYAS	LEIMEBAMBA				"
"010111	AMAZONAS	CHACHAPOYAS	LEVANTO				"
"010112	AMAZONAS	CHACHAPOYAS	MAGDALENA				"
"010113	AMAZONAS	CHACHAPOYAS	MARISCAL CASTILLA				"
"010114	AMAZONAS	CHACHAPOYAS	MOLINOPAMPA				"
"010115	AMAZONAS	CHACHAPOYAS	MONTEVIDEO				"
"010116	AMAZONAS	CHACHAPOYAS	OLLEROS				"
"010117	AMAZONAS	CHACHAPOYAS	QUINJALCA				"
"010118	AMAZONAS	CHACHAPOYAS	SAN FRANCISCO DE DAGUAS				"
"010119	AMAZONAS	CHACHAPOYAS	SAN ISIDRO DE MAINO				"
"010120	AMAZONAS	CHACHAPOYAS	SOLOCO				"
"010121	AMAZONAS	CHACHAPOYAS	SONCHE				"
"010205	AMAZONAS	BAGUA	BAGUA				"
"010202	AMAZONAS	BAGUA	ARAMANGO				"
"010203	AMAZONAS	BAGUA	COPALLIN				"
"010204	AMAZONAS	BAGUA	EL PARCO				"
"010206	AMAZONAS	BAGUA	IMAZA				"
"010201	AMAZONAS	BAGUA	LA PECA				"
"010301	AMAZONAS	BONGARA	JUMBILLA				"
"010304	AMAZONAS	BONGARA	CHISQUILLA				"
"010305	AMAZONAS	BONGARA	CHURUJA				"
"010302	AMAZONAS	BONGARA	COROSHA				"
"010303	AMAZONAS	BONGARA	CUISPES				"
"010306	AMAZONAS	BONGARA	FLORIDA				"
"010312	AMAZONAS	BONGARA	JAZAN				"
"010307	AMAZONAS	BONGARA	RECTA				"
"010308	AMAZONAS	BONGARA	SAN CARLOS				"
"010309	AMAZONAS	BONGARA	SHIPASBAMBA				"
"010310	AMAZONAS	BONGARA	VALERA				"
"010311	AMAZONAS	BONGARA	YAMBRASBAMBA				"
"010601	AMAZONAS	CONDORCANQUI	NIEVA				"
"010603	AMAZONAS	CONDORCANQUI	EL CENEPA				"
"010602	AMAZONAS	CONDORCANQUI	RIO SANTIAGO				"
"010401	AMAZONAS	LUYA	LAMUD				"
"010402	AMAZONAS	LUYA	CAMPORREDONDO				"
"010403	AMAZONAS	LUYA	COCABAMBA				"
"010404	AMAZONAS	LUYA	COLCAMAR				"
"010405	AMAZONAS	LUYA	CONILA				"
"010406	AMAZONAS	LUYA	INGUILPATA				"
"010407	AMAZONAS	LUYA	LONGUITA				"
"010408	AMAZONAS	LUYA	LONYA CHICO				"
"010409	AMAZONAS	LUYA	LUYA				"
"010410	AMAZONAS	LUYA	LUYA VIEJO				"
"010411	AMAZONAS	LUYA	MARIA				"
"010412	AMAZONAS	LUYA	OCALLI				"
"010413	AMAZONAS	LUYA	OCUMAL				"
"010414	AMAZONAS	LUYA	PISUQUIA				"
"010423	AMAZONAS	LUYA	PROVIDENCIA				"
"010415	AMAZONAS	LUYA	SAN CRISTOBAL				"
"010416	AMAZONAS	LUYA	SAN FRANCISCO DEL YESO				"
"010417	AMAZONAS	LUYA	SAN JERONIMO				"
"010418	AMAZONAS	LUYA	SAN JUAN DE LOPECANCHA				"
"010419	AMAZONAS	LUYA	SANTA CATALINA				"
"010420	AMAZONAS	LUYA	SANTO TOMAS				"
"010421	AMAZONAS	LUYA	TINGO				"
"010422	AMAZONAS	LUYA	TRITA				"
"010501	AMAZONAS	RODRIGUEZ DE MENDOZA	SAN NICOLAS				"
"010503	AMAZONAS	RODRIGUEZ DE MENDOZA	CHIRIMOTO				"
"010502	AMAZONAS	RODRIGUEZ DE MENDOZA	COCHAMAL				"
"010504	AMAZONAS	RODRIGUEZ DE MENDOZA	HUAMBO				"
"010505	AMAZONAS	RODRIGUEZ DE MENDOZA	LIMABAMBA				"
"010506	AMAZONAS	RODRIGUEZ DE MENDOZA	LONGAR				"
"010508	AMAZONAS	RODRIGUEZ DE MENDOZA	MARISCAL BENAVIDES				"
"010507	AMAZONAS	RODRIGUEZ DE MENDOZA	MILPUC				"
"010509	AMAZONAS	RODRIGUEZ DE MENDOZA	OMIA				"
"010510	AMAZONAS	RODRIGUEZ DE MENDOZA	SANTA ROSA				"
"010511	AMAZONAS	RODRIGUEZ DE MENDOZA	TOTORA				"
"010512	AMAZONAS	RODRIGUEZ DE MENDOZA	VISTA ALEGRE				"
"010701	AMAZONAS	UTCUBAMBA	BAGUA GRANDE				"
"010702	AMAZONAS	UTCUBAMBA	CAJARURO				"
"010703	AMAZONAS	UTCUBAMBA	CUMBA				"
"010704	AMAZONAS	UTCUBAMBA	EL MILAGRO				"
"010705	AMAZONAS	UTCUBAMBA	JAMALCA				"
"010706	AMAZONAS	UTCUBAMBA	LONYA GRANDE				"
"010707	AMAZONAS	UTCUBAMBA	YAMON				"
"020101	ANCASH	HUARAZ	HUARAZ				"
"020103	ANCASH	HUARAZ	COCHABAMBA				"
"020104	ANCASH	HUARAZ	COLCABAMBA				"
"020105	ANCASH	HUARAZ	HUANCHAY				"
"020102	ANCASH	HUARAZ	INDEPENDENCIA				"
"020106	ANCASH	HUARAZ	JANGAS				"
"020107	ANCASH	HUARAZ	LA LIBERTAD				"
"020108	ANCASH	HUARAZ	OLLEROS				"
"020109	ANCASH	HUARAZ	PAMPAS				"
"020110	ANCASH	HUARAZ	PARIACOTO				"
"020111	ANCASH	HUARAZ	PIRA				"
"020112	ANCASH	HUARAZ	TARICA				"
"020201	ANCASH	AIJA	AIJA				"
"020203	ANCASH	AIJA	CORIS				"
"020205	ANCASH	AIJA	HUACLLAN				"
"020206	ANCASH	AIJA	LA MERCED				"
"020208	ANCASH	AIJA	SUCCHA				"
"021601	ANCASH	ANTONIO RAYMONDI	LLAMELLIN				"
"021602	ANCASH	ANTONIO RAYMONDI	ACZO				"
"021603	ANCASH	ANTONIO RAYMONDI	CHACCHO				"
"021604	ANCASH	ANTONIO RAYMONDI	CHINGAS				"
"021605	ANCASH	ANTONIO RAYMONDI	MIRGAS				"
"021606	ANCASH	ANTONIO RAYMONDI	SAN JUAN DE RONTOY				"
"021801	ANCASH	ASUNCION	CHACAS				"
"021802	ANCASH	ASUNCION	ACOCHACA				"
"020301	ANCASH	BOLOGNESI	CHIQUIAN				"
"020302	ANCASH	BOLOGNESI	ABELARDO PARDO LEZAMETA				"
"020321	ANCASH	BOLOGNESI	ANTONIO RAYMONDI				"
"020304	ANCASH	BOLOGNESI	AQUIA				"
"020305	ANCASH	BOLOGNESI	CAJACAY				"
"020322	ANCASH	BOLOGNESI	CANIS				"
"020323	ANCASH	BOLOGNESI	COLQUIOC				"
"020325	ANCASH	BOLOGNESI	HUALLANCA				"
"020311	ANCASH	BOLOGNESI	HUASTA				"
"020310	ANCASH	BOLOGNESI	HUAYLLACAYAN				"
"020324	ANCASH	BOLOGNESI	LA PRIMAVERA				"
"020313	ANCASH	BOLOGNESI	MANGAS				"
"020315	ANCASH	BOLOGNESI	PACLLON				"
"020317	ANCASH	BOLOGNESI	SAN MIGUEL DE CORPANQUI				"
"020320	ANCASH	BOLOGNESI	TICLLOS				"
"020401	ANCASH	CARHUAZ	CARHUAZ				"
"020402	ANCASH	CARHUAZ	ACOPAMPA				"
"020403	ANCASH	CARHUAZ	AMASHCA				"
"020404	ANCASH	CARHUAZ	ANTA				"
"020405	ANCASH	CARHUAZ	ATAQUERO				"
"020406	ANCASH	CARHUAZ	MARCARA				"
"020407	ANCASH	CARHUAZ	PARIAHUANCA				"
"020408	ANCASH	CARHUAZ	SAN MIGUEL DE ACO				"
"020409	ANCASH	CARHUAZ	SHILLA				"
"020410	ANCASH	CARHUAZ	TINCO				"
"020411	ANCASH	CARHUAZ	YUNGAR				"
"021701	ANCASH	CARLOS FERMIN FITZCARRALD	SAN LUIS				"
"021703	ANCASH	CARLOS FERMIN FITZCARRALD	SAN NICOLAS				"
"021702	ANCASH	CARLOS FERMIN FITZCARRALD	YAUYA				"
"020501	ANCASH	CASMA	CASMA				"
"020502	ANCASH	CASMA	BUENA VISTA ALTA				"
"020503	ANCASH	CASMA	COMANDANTE NOEL				"
"020505	ANCASH	CASMA	YAUTAN				"
"020601	ANCASH	CORONGO	CORONGO				"
"020602	ANCASH	CORONGO	ACO				"
"020603	ANCASH	CORONGO	BAMBAS				"
"020604	ANCASH	CORONGO	CUSCA				"
"020605	ANCASH	CORONGO	LA PAMPA				"
"020606	ANCASH	CORONGO	YANAC				"
"020607	ANCASH	CORONGO	YUPAN				"
"020801	ANCASH	HUARI	HUARI				"
"020816	ANCASH	HUARI	ANRA				"
"020802	ANCASH	HUARI	CAJAY				"
"020803	ANCASH	HUARI	CHAVIN DE HUANTAR				"
"020804	ANCASH	HUARI	HUACACHI				"
"020806	ANCASH	HUARI	HUACCHIS				"
"020805	ANCASH	HUARI	HUACHIS				"
"020807	ANCASH	HUARI	HUANTAR				"
"020808	ANCASH	HUARI	MASIN				"
"020809	ANCASH	HUARI	PAUCAS				"
"020810	ANCASH	HUARI	PONTO				"
"020811	ANCASH	HUARI	RAHUAPAMPA				"
"020812	ANCASH	HUARI	RAPAYAN				"
"020813	ANCASH	HUARI	SAN MARCOS				"
"020814	ANCASH	HUARI	SAN PEDRO DE CHANA				"
"020815	ANCASH	HUARI	UCO				"
"021901	ANCASH	HUARMEY	HUARMEY				"
"021902	ANCASH	HUARMEY	COCHAPETI				"
"021905	ANCASH	HUARMEY	CULEBRAS				"
"021903	ANCASH	HUARMEY	HUAYAN				"
"021904	ANCASH	HUARMEY	MALVAS				"
"020701	ANCASH	HUAYLAS	CARAZ				"
"020702	ANCASH	HUAYLAS	HUALLANCA				"
"020703	ANCASH	HUAYLAS	HUATA				"
"020704	ANCASH	HUAYLAS	HUAYLAS				"
"020705	ANCASH	HUAYLAS	MATO				"
"020706	ANCASH	HUAYLAS	PAMPAROMAS				"
"020707	ANCASH	HUAYLAS	PUEBLO LIBRE				"
"020708	ANCASH	HUAYLAS	SANTA CRUZ				"
"020710	ANCASH	HUAYLAS	SANTO TORIBIO				"
"020709	ANCASH	HUAYLAS	YURACMARCA				"
"020901	ANCASH	MARISCAL LUZURIAGA	PISCOBAMBA				"
"020902	ANCASH	MARISCAL LUZURIAGA	CASCA				"
"020908	ANCASH	MARISCAL LUZURIAGA	ELEAZAR GUZMAN BARRON				"
"020904	ANCASH	MARISCAL LUZURIAGA	FIDEL OLIVAS ESCUDERO				"
"020905	ANCASH	MARISCAL LUZURIAGA	LLAMA				"
"020906	ANCASH	MARISCAL LUZURIAGA	LLUMPA				"
"020903	ANCASH	MARISCAL LUZURIAGA	LUCMA				"
"020907	ANCASH	MARISCAL LUZURIAGA	MUSGA				"
"022007	ANCASH	OCROS	OCROS				"
"022001	ANCASH	OCROS	ACAS				"
"022002	ANCASH	OCROS	CAJAMARQUILLA				"
"022003	ANCASH	OCROS	CARHUAPAMPA				"
"022004	ANCASH	OCROS	COCHAS				"
"022005	ANCASH	OCROS	CONGAS				"
"022006	ANCASH	OCROS	LLIPA				"
"022008	ANCASH	OCROS	SAN CRISTOBAL DE RAJAN				"
"022009	ANCASH	OCROS	SAN PEDRO				"
"022010	ANCASH	OCROS	SANTIAGO DE CHILCAS				"
"021001	ANCASH	PALLASCA	CABANA				"
"021002	ANCASH	PALLASCA	BOLOGNESI				"
"021003	ANCASH	PALLASCA	CONCHUCOS				"
"021004	ANCASH	PALLASCA	HUACASCHUQUE				"
"021005	ANCASH	PALLASCA	HUANDOVAL				"
"021006	ANCASH	PALLASCA	LACABAMBA				"
"021007	ANCASH	PALLASCA	LLAPO				"
"021008	ANCASH	PALLASCA	PALLASCA				"
"021009	ANCASH	PALLASCA	PAMPAS				"
"021010	ANCASH	PALLASCA	SANTA ROSA				"
"021011	ANCASH	PALLASCA	TAUCA				"
"021101	ANCASH	POMABAMBA	POMABAMBA				"
"021102	ANCASH	POMABAMBA	HUAYLLAN				"
"021103	ANCASH	POMABAMBA	PAROBAMBA				"
"021104	ANCASH	POMABAMBA	QUINUABAMBA				"
"021201	ANCASH	RECUAY	RECUAY				"
"021210	ANCASH	RECUAY	CATAC				"
"021202	ANCASH	RECUAY	COTAPARACO				"
"021203	ANCASH	RECUAY	HUAYLLAPAMPA				"
"021209	ANCASH	RECUAY	LLACLLIN				"
"021204	ANCASH	RECUAY	MARCA				"
"021205	ANCASH	RECUAY	PAMPAS CHICO				"
"021206	ANCASH	RECUAY	PARARIN				"
"021207	ANCASH	RECUAY	TAPACOCHA				"
"021208	ANCASH	RECUAY	TICAPAMPA				"
"021301	ANCASH	SANTA	CHIMBOTE				"
"021302	ANCASH	SANTA	CACERES DEL PERU				"
"021308	ANCASH	SANTA	COISHCO				"
"021303	ANCASH	SANTA	MACATE				"
"021304	ANCASH	SANTA	MORO				"
"021305	ANCASH	SANTA	NEPE��"
"021306	ANCASH	SANTA	SAMANCO				"
"021307	ANCASH	SANTA	SANTA				"
"021309	ANCASH	SANTA	NUEVO CHIMBOTE				"
"021401	ANCASH	SIHUAS	SIHUAS				"
"021407	ANCASH	SIHUAS	ACOBAMBA				"
"021402	ANCASH	SIHUAS	ALFONSO UGARTE				"
"021408	ANCASH	SIHUAS	CASHAPAMPA				"
"021403	ANCASH	SIHUAS	CHINGALPO				"
"021404	ANCASH	SIHUAS	HUAYLLABAMBA				"
"021405	ANCASH	SIHUAS	QUICHES				"
"021409	ANCASH	SIHUAS	RAGASH				"
"021410	ANCASH	SIHUAS	SAN JUAN				"
"021406	ANCASH	SIHUAS	SICSIBAMBA				"
"021501	ANCASH	YUNGAY	YUNGAY				"
"021502	ANCASH	YUNGAY	CASCAPARA				"
"021503	ANCASH	YUNGAY	MANCOS				"
"021504	ANCASH	YUNGAY	MATACOTO				"
"021505	ANCASH	YUNGAY	QUILLO				"
"021506	ANCASH	YUNGAY	RANRAHIRCA				"
"021507	ANCASH	YUNGAY	SHUPLUY				"
"021508	ANCASH	YUNGAY	YANAMA				"
"030101	APURIMAC	ABANCAY	ABANCAY				"
"030104	APURIMAC	ABANCAY	CHACOCHE				"
"030102	APURIMAC	ABANCAY	CIRCA				"
"030103	APURIMAC	ABANCAY	CURAHUASI				"
"030105	APURIMAC	ABANCAY	HUANIPACA				"
"030106	APURIMAC	ABANCAY	LAMBRAMA				"
"030107	APURIMAC	ABANCAY	PICHIRHUA				"
"030108	APURIMAC	ABANCAY	SAN PEDRO DE CACHORA				"
"030109	APURIMAC	ABANCAY	TAMBURCO				"
"030301	APURIMAC	ANDAHUAYLAS	ANDAHUAYLAS				"
"030302	APURIMAC	ANDAHUAYLAS	ANDARAPA				"
"030303	APURIMAC	ANDAHUAYLAS	CHIARA				"
"030304	APURIMAC	ANDAHUAYLAS	HUANCARAMA				"
"030305	APURIMAC	ANDAHUAYLAS	HUANCARAY				"
"030317	APURIMAC	ANDAHUAYLAS	HUAYANA				"
"030306	APURIMAC	ANDAHUAYLAS	KISHUARA				"
"030307	APURIMAC	ANDAHUAYLAS	PACOBAMBA				"
"030313	APURIMAC	ANDAHUAYLAS	PACUCHA				"
"030308	APURIMAC	ANDAHUAYLAS	PAMPACHIRI				"
"030314	APURIMAC	ANDAHUAYLAS	POMACOCHA				"
"030309	APURIMAC	ANDAHUAYLAS	SAN ANTONIO DE CACHI				"
"030310	APURIMAC	ANDAHUAYLAS	SAN JERONIMO				"
"030318	APURIMAC	ANDAHUAYLAS	SAN MIGUEL DE CHACCRAMPA				"
"030315	APURIMAC	ANDAHUAYLAS	SANTA MARIA DE CHICMO				"
"030311	APURIMAC	ANDAHUAYLAS	TALAVERA				"
"030316	APURIMAC	ANDAHUAYLAS	TUMAY HUARACA				"
"030312	APURIMAC	ANDAHUAYLAS	TURPO				"
"030319	APURIMAC	ANDAHUAYLAS	KAQUIABAMBA				"
"030320	APURIMAC	ANDAHUAYLAS	JOSE MARIA ARGUEDAS				"
"030401	APURIMAC	ANTABAMBA	ANTABAMBA				"
"030402	APURIMAC	ANTABAMBA	EL ORO				"
"030403	APURIMAC	ANTABAMBA	HUAQUIRCA				"
"030404	APURIMAC	ANTABAMBA	JUAN ESPINOZA MEDRANO				"
"030405	APURIMAC	ANTABAMBA	OROPESA				"
"030406	APURIMAC	ANTABAMBA	PACHACONAS				"
"030407	APURIMAC	ANTABAMBA	SABAINO				"
"030201	APURIMAC	AYMARAES	CHALHUANCA				"
"030202	APURIMAC	AYMARAES	CAPAYA				"
"030203	APURIMAC	AYMARAES	CARAYBAMBA				"
"030206	APURIMAC	AYMARAES	CHAPIMARCA				"
"030204	APURIMAC	AYMARAES	COLCABAMBA				"
"030205	APURIMAC	AYMARAES	COTARUSE				"
"030207	APURIMAC	AYMARAES	HUAYLLO				"
"030217	APURIMAC	AYMARAES	JUSTO APU SAHUARAURA				"
"030208	APURIMAC	AYMARAES	LUCRE				"
"030209	APURIMAC	AYMARAES	POCOHUANCA				"
"030216	APURIMAC	AYMARAES	SAN JUAN DE CHAC��"
"030210	APURIMAC	AYMARAES	SA��AYC"
"030211	APURIMAC	AYMARAES	SORAYA				"
"030212	APURIMAC	AYMARAES	TAPAIRIHUA				"
"030213	APURIMAC	AYMARAES	TINTAY				"
"030214	APURIMAC	AYMARAES	TORAYA				"
"030215	APURIMAC	AYMARAES	YANACA				"
"030501	APURIMAC	COTABAMBAS	TAMBOBAMBA				"
"030503	APURIMAC	COTABAMBAS	COTABAMBAS				"
"030502	APURIMAC	COTABAMBAS	COYLLURQUI				"
"030504	APURIMAC	COTABAMBAS	HAQUIRA				"
"030505	APURIMAC	COTABAMBAS	MARA				"
"030506	APURIMAC	COTABAMBAS	CHALLHUAHUACHO				"
"030701	APURIMAC	CHINCHEROS	CHINCHEROS				"
"030705	APURIMAC	CHINCHEROS	ANCO-HUALLO				"
"030704	APURIMAC	CHINCHEROS	COCHARCAS				"
"030706	APURIMAC	CHINCHEROS	HUACCANA				"
"030703	APURIMAC	CHINCHEROS	OCOBAMBA				"
"030702	APURIMAC	CHINCHEROS	ONGOY				"
"030707	APURIMAC	CHINCHEROS	URANMARCA				"
"030708	APURIMAC	CHINCHEROS	RANRACANCHA				"
"030709	APURIMAC	CHINCHEROS	ROCCHACC				"
"030710	APURIMAC	CHINCHEROS	EL PORVENIR				"
"030711	APURIMAC	CHINCHEROS	LOS CHANKAS				"
"030601	APURIMAC	GRAU	CHUQUIBAMBILLA				"
"030602	APURIMAC	GRAU	CURPAHUASI				"
"030605	APURIMAC	GRAU	GAMARRA				"
"030603	APURIMAC	GRAU	HUAYLLATI				"
"030604	APURIMAC	GRAU	MAMARA				"
"030606	APURIMAC	GRAU	MICAELA BASTIDAS				"
"030608	APURIMAC	GRAU	PATAYPAMPA				"
"030607	APURIMAC	GRAU	PROGRESO				"
"030609	APURIMAC	GRAU	SAN ANTONIO				"
"030613	APURIMAC	GRAU	SANTA ROSA				"
"030610	APURIMAC	GRAU	TURPAY				"
"030611	APURIMAC	GRAU	VILCABAMBA				"
"030612	APURIMAC	GRAU	VIRUNDO				"
"030614	APURIMAC	GRAU	CURASCO				"
"040101	AREQUIPA	AREQUIPA	AREQUIPA				"
"040128	AREQUIPA	AREQUIPA	ALTO SELVA ALEGRE				"
"040102	AREQUIPA	AREQUIPA	CAYMA				"
"040103	AREQUIPA	AREQUIPA	CERRO COLORADO				"
"040104	AREQUIPA	AREQUIPA	CHARACATO				"
"040105	AREQUIPA	AREQUIPA	CHIGUATA				"
"040127	AREQUIPA	AREQUIPA	JACOBO HUNTER				"
"040106	AREQUIPA	AREQUIPA	LA JOYA				"
"040126	AREQUIPA	AREQUIPA	MARIANO MELGAR				"
"040107	AREQUIPA	AREQUIPA	MIRAFLORES				"
"040108	AREQUIPA	AREQUIPA	MOLLEBAYA				"
"040109	AREQUIPA	AREQUIPA	PAUCARPATA				"
"040110	AREQUIPA	AREQUIPA	POCSI				"
"040111	AREQUIPA	AREQUIPA	POLOBAYA				"
"040112	AREQUIPA	AREQUIPA	QUEQUE��"
"040113	AREQUIPA	AREQUIPA	SABANDIA				"
"040114	AREQUIPA	AREQUIPA	SACHACA				"
"040115	AREQUIPA	AREQUIPA	SAN JUAN DE SIGUAS				"
"040116	AREQUIPA	AREQUIPA	SAN JUAN DE TARUCANI				"
"040117	AREQUIPA	AREQUIPA	SANTA ISABEL DE SIGUAS				"
"040118	AREQUIPA	AREQUIPA	SANTA RITA DE SIGUAS				"
"040119	AREQUIPA	AREQUIPA	SOCABAYA				"
"040120	AREQUIPA	AREQUIPA	TIABAYA				"
"040121	AREQUIPA	AREQUIPA	UCHUMAYO				"
"040122	AREQUIPA	AREQUIPA	VITOR				"
"040123	AREQUIPA	AREQUIPA	YANAHUARA				"
"040124	AREQUIPA	AREQUIPA	YARABAMBA				"
"040125	AREQUIPA	AREQUIPA	YURA				"
"040129	AREQUIPA	AREQUIPA	JOSE LUIS BUSTAMANTE Y RIVERO				"
"040301	AREQUIPA	CAMANA	CAMANA				"
"040302	AREQUIPA	CAMANA	JOSE MARIA QUIMPER				"
"040303	AREQUIPA	CAMANA	MARIANO NICOLAS VALCARCEL				"
"040304	AREQUIPA	CAMANA	MARISCAL CACERES				"
"040305	AREQUIPA	CAMANA	NICOLAS DE PIEROLA				"
"040306	AREQUIPA	CAMANA	OCO��"
"040307	AREQUIPA	CAMANA	QUILCA				"
"040308	AREQUIPA	CAMANA	SAMUEL PASTOR				"
"040401	AREQUIPA	CARAVELI	CARAVELI				"
"040402	AREQUIPA	CARAVELI	ACARI				"
"040403	AREQUIPA	CARAVELI	ATICO				"
"040404	AREQUIPA	CARAVELI	ATIQUIPA				"
"040405	AREQUIPA	CARAVELI	BELLA UNION				"
"040406	AREQUIPA	CARAVELI	CAHUACHO				"
"040407	AREQUIPA	CARAVELI	CHALA				"
"040408	AREQUIPA	CARAVELI	CHAPARRA				"
"040409	AREQUIPA	CARAVELI	HUANUHUANU				"
"040410	AREQUIPA	CARAVELI	JAQUI				"
"040411	AREQUIPA	CARAVELI	LOMAS				"
"040412	AREQUIPA	CARAVELI	QUICACHA				"
"040413	AREQUIPA	CARAVELI	YAUCA				"
"040501	AREQUIPA	CASTILLA	APLAO				"
"040502	AREQUIPA	CASTILLA	ANDAGUA				"
"040503	AREQUIPA	CASTILLA	AYO				"
"040504	AREQUIPA	CASTILLA	CHACHAS				"
"040505	AREQUIPA	CASTILLA	CHILCAYMARCA				"
"040506	AREQUIPA	CASTILLA	CHOCO				"
"040507	AREQUIPA	CASTILLA	HUANCARQUI				"
"040508	AREQUIPA	CASTILLA	MACHAGUAY				"
"040509	AREQUIPA	CASTILLA	ORCOPAMPA				"
"040510	AREQUIPA	CASTILLA	PAMPACOLCA				"
"040511	AREQUIPA	CASTILLA	TIPAN				"
"040513	AREQUIPA	CASTILLA	U��O"
"040512	AREQUIPA	CASTILLA	URACA				"
"040514	AREQUIPA	CASTILLA	VIRACO				"
"040201	AREQUIPA	CAYLLOMA	CHIVAY				"
"040202	AREQUIPA	CAYLLOMA	ACHOMA				"
"040203	AREQUIPA	CAYLLOMA	CABANACONDE				"
"040205	AREQUIPA	CAYLLOMA	CALLALLI				"
"040204	AREQUIPA	CAYLLOMA	CAYLLOMA				"
"040206	AREQUIPA	CAYLLOMA	COPORAQUE				"
"040207	AREQUIPA	CAYLLOMA	HUAMBO				"
"040208	AREQUIPA	CAYLLOMA	HUANCA				"
"040209	AREQUIPA	CAYLLOMA	ICHUPAMPA				"
"040210	AREQUIPA	CAYLLOMA	LARI				"
"040211	AREQUIPA	CAYLLOMA	LLUTA				"
"040212	AREQUIPA	CAYLLOMA	MACA				"
"040213	AREQUIPA	CAYLLOMA	MADRIGAL				"
"040214	AREQUIPA	CAYLLOMA	SAN ANTONIO DE CHUCA				"
"040215	AREQUIPA	CAYLLOMA	SIBAYO				"
"040216	AREQUIPA	CAYLLOMA	TAPAY				"
"040217	AREQUIPA	CAYLLOMA	TISCO				"
"040218	AREQUIPA	CAYLLOMA	TUTI				"
"040219	AREQUIPA	CAYLLOMA	YANQUE				"
"040220	AREQUIPA	CAYLLOMA	MAJES				"
"040601	AREQUIPA	CONDESUYOS	CHUQUIBAMBA				"
"040602	AREQUIPA	CONDESUYOS	ANDARAY				"
"040603	AREQUIPA	CONDESUYOS	CAYARANI				"
"040604	AREQUIPA	CONDESUYOS	CHICHAS				"
"040605	AREQUIPA	CONDESUYOS	IRAY				"
"040608	AREQUIPA	CONDESUYOS	RIO GRANDE				"
"040606	AREQUIPA	CONDESUYOS	SALAMANCA				"
"040607	AREQUIPA	CONDESUYOS	YANAQUIHUA				"
"040701	AREQUIPA	ISLAY	MOLLENDO				"
"040702	AREQUIPA	ISLAY	COCACHACRA				"
"040703	AREQUIPA	ISLAY	DEAN VALDIVIA				"
"040704	AREQUIPA	ISLAY	ISLAY				"
"040705	AREQUIPA	ISLAY	MEJIA				"
"040706	AREQUIPA	ISLAY	PUNTA DE BOMBON				"
"040801	AREQUIPA	LA UNION	COTAHUASI				"
"040802	AREQUIPA	LA UNION	ALCA				"
"040803	AREQUIPA	LA UNION	CHARCANA				"
"040804	AREQUIPA	LA UNION	HUAYNACOTAS				"
"040805	AREQUIPA	LA UNION	PAMPAMARCA				"
"040806	AREQUIPA	LA UNION	PUYCA				"
"040807	AREQUIPA	LA UNION	QUECHUALLA				"
"040808	AREQUIPA	LA UNION	SAYLA				"
"040809	AREQUIPA	LA UNION	TAURIA				"
"040810	AREQUIPA	LA UNION	TOMEPAMPA				"
"040811	AREQUIPA	LA UNION	TORO				"
"050101	AYACUCHO	HUAMANGA	AYACUCHO				"
"050111	AYACUCHO	HUAMANGA	ACOCRO				"
"050102	AYACUCHO	HUAMANGA	ACOS VINCHOS				"
"050103	AYACUCHO	HUAMANGA	CARMEN ALTO				"
"050104	AYACUCHO	HUAMANGA	CHIARA				"
"050113	AYACUCHO	HUAMANGA	OCROS				"
"050114	AYACUCHO	HUAMANGA	PACAYCASA				"
"050105	AYACUCHO	HUAMANGA	QUINUA				"
"050106	AYACUCHO	HUAMANGA	SAN JOSE DE TICLLAS				"
"050107	AYACUCHO	HUAMANGA	SAN JUAN BAUTISTA				"
"050108	AYACUCHO	HUAMANGA	SANTIAGO DE PISCHA				"
"050112	AYACUCHO	HUAMANGA	SOCOS				"
"050110	AYACUCHO	HUAMANGA	TAMBILLO				"
"050109	AYACUCHO	HUAMANGA	VINCHOS				"
"050115	AYACUCHO	HUAMANGA	JESUS NAZARENO				"
"050116	AYACUCHO	HUAMANGA	ANDRES AVELINO CACERES DORREGARAY				"
"050201	AYACUCHO	CANGALLO	CANGALLO				"
"050204	AYACUCHO	CANGALLO	CHUSCHI				"
"050206	AYACUCHO	CANGALLO	LOS MOROCHUCOS				"
"050211	AYACUCHO	CANGALLO	MARIA PARADO DE BELLIDO				"
"050207	AYACUCHO	CANGALLO	PARAS				"
"050208	AYACUCHO	CANGALLO	TOTOS				"
"050801	AYACUCHO	HUANCA SANCOS	SANCOS				"
"050804	AYACUCHO	HUANCA SANCOS	CARAPO				"
"050802	AYACUCHO	HUANCA SANCOS	SACSAMARCA				"
"050803	AYACUCHO	HUANCA SANCOS	SANTIAGO DE LUCANAMARCA				"
"050301	AYACUCHO	HUANTA	HUANTA				"
"050302	AYACUCHO	HUANTA	AYAHUANCO				"
"050303	AYACUCHO	HUANTA	HUAMANGUILLA				"
"050304	AYACUCHO	HUANTA	IGUAIN				"
"050305	AYACUCHO	HUANTA	LURICOCHA				"
"050307	AYACUCHO	HUANTA	SANTILLANA				"
"050308	AYACUCHO	HUANTA	SIVIA				"
"050309	AYACUCHO	HUANTA	LLOCHEGUA				"
"050310	AYACUCHO	HUANTA	CANAYRE				"
"050311	AYACUCHO	HUANTA	UCHURACCAY				"
"050312	AYACUCHO	HUANTA	PUCACOLPA				"
"050313	AYACUCHO	HUANTA	CHACA				"
"050401	AYACUCHO	LA MAR	SAN MIGUEL				"
"050402	AYACUCHO	LA MAR	ANCO				"
"050403	AYACUCHO	LA MAR	AYNA				"
"050404	AYACUCHO	LA MAR	CHILCAS				"
"050405	AYACUCHO	LA MAR	CHUNGUI				"
"050407	AYACUCHO	LA MAR	LUIS CARRANZA				"
"050408	AYACUCHO	LA MAR	SANTA ROSA				"
"050406	AYACUCHO	LA MAR	TAMBO				"
"050409	AYACUCHO	LA MAR	SAMUGARI				"
"050410	AYACUCHO	LA MAR	ANCHIHUAY				"
"050411	AYACUCHO	LA MAR	ORONCCOY				"
"050501	AYACUCHO	LUCANAS	PUQUIO				"
"050502	AYACUCHO	LUCANAS	AUCARA				"
"050503	AYACUCHO	LUCANAS	CABANA				"
"050504	AYACUCHO	LUCANAS	CARMEN SALCEDO				"
"050506	AYACUCHO	LUCANAS	CHAVI��"
"050508	AYACUCHO	LUCANAS	CHIPAO				"
"050510	AYACUCHO	LUCANAS	HUAC-HUAS				"
"050511	AYACUCHO	LUCANAS	LARAMATE				"
"050512	AYACUCHO	LUCANAS	LEONCIO PRADO				"
"050514	AYACUCHO	LUCANAS	LLAUTA				"
"050513	AYACUCHO	LUCANAS	LUCANAS				"
"050516	AYACUCHO	LUCANAS	OCA��"
"050517	AYACUCHO	LUCANAS	OTOCA				"
"050529	AYACUCHO	LUCANAS	SAISA				"
"050532	AYACUCHO	LUCANAS	SAN CRISTOBAL				"
"050521	AYACUCHO	LUCANAS	SAN JUAN				"
"050522	AYACUCHO	LUCANAS	SAN PEDRO				"
"050531	AYACUCHO	LUCANAS	SAN PEDRO DE PALCO				"
"050520	AYACUCHO	LUCANAS	SANCOS				"
"050524	AYACUCHO	LUCANAS	SANTA ANA DE HUAYCAHUACHO				"
"050525	AYACUCHO	LUCANAS	SANTA LUCIA				"
"050601	AYACUCHO	PARINACOCHAS	CORACORA				"
"050605	AYACUCHO	PARINACOCHAS	CHUMPI				"
"050604	AYACUCHO	PARINACOCHAS	CORONEL CASTA��ED"
"050608	AYACUCHO	PARINACOCHAS	PACAPAUSA				"
"050611	AYACUCHO	PARINACOCHAS	PULLO				"
"050612	AYACUCHO	PARINACOCHAS	PUYUSCA				"
"050615	AYACUCHO	PARINACOCHAS	SAN FRANCISCO DE RAVACAYCO				"
"050616	AYACUCHO	PARINACOCHAS	UPAHUACHO				"
"051001	AYACUCHO	PAUCAR DEL SARA SARA	PAUSA				"
"051002	AYACUCHO	PAUCAR DEL SARA SARA	COLTA				"
"051003	AYACUCHO	PAUCAR DEL SARA SARA	CORCULLA				"
"051004	AYACUCHO	PAUCAR DEL SARA SARA	LAMPA				"
"051005	AYACUCHO	PAUCAR DEL SARA SARA	MARCABAMBA				"
"051006	AYACUCHO	PAUCAR DEL SARA SARA	OYOLO				"
"051007	AYACUCHO	PAUCAR DEL SARA SARA	PARARCA				"
"051008	AYACUCHO	PAUCAR DEL SARA SARA	SAN JAVIER DE ALPABAMBA				"
"051009	AYACUCHO	PAUCAR DEL SARA SARA	SAN JOSE DE USHUA				"
"051010	AYACUCHO	PAUCAR DEL SARA SARA	SARA SARA				"
"051101	AYACUCHO	SUCRE	QUEROBAMBA				"
"051102	AYACUCHO	SUCRE	BELEN				"
"051103	AYACUCHO	SUCRE	CHALCOS				"
"051110	AYACUCHO	SUCRE	CHILCAYOC				"
"051109	AYACUCHO	SUCRE	HUACA��"
"051111	AYACUCHO	SUCRE	MORCOLLA				"
"051105	AYACUCHO	SUCRE	PAICO				"
"051107	AYACUCHO	SUCRE	SAN PEDRO DE LARCAY				"
"051104	AYACUCHO	SUCRE	SAN SALVADOR DE QUIJE				"
"051106	AYACUCHO	SUCRE	SANTIAGO DE PAUCARAY				"
"051108	AYACUCHO	SUCRE	SORAS				"
"050701	AYACUCHO	VICTOR FAJARDO	HUANCAPI				"
"050702	AYACUCHO	VICTOR FAJARDO	ALCAMENCA				"
"050703	AYACUCHO	VICTOR FAJARDO	APONGO				"
"050715	AYACUCHO	VICTOR FAJARDO	ASQUIPATA				"
"050704	AYACUCHO	VICTOR FAJARDO	CANARIA				"
"050706	AYACUCHO	VICTOR FAJARDO	CAYARA				"
"050707	AYACUCHO	VICTOR FAJARDO	COLCA				"
"050709	AYACUCHO	VICTOR FAJARDO	HUAMANQUIQUIA				"
"050710	AYACUCHO	VICTOR FAJARDO	HUANCARAYLLA				"
"050708	AYACUCHO	VICTOR FAJARDO	HUAYA				"
"050713	AYACUCHO	VICTOR FAJARDO	SARHUA				"
"050714	AYACUCHO	VICTOR FAJARDO	VILCANCHOS				"
"050901	AYACUCHO	VILCAS HUAMAN	VILCAS HUAMAN				"
"050903	AYACUCHO	VILCAS HUAMAN	ACCOMARCA				"
"050904	AYACUCHO	VILCAS HUAMAN	CARHUANCA				"
"050905	AYACUCHO	VILCAS HUAMAN	CONCEPCION				"
"050906	AYACUCHO	VILCAS HUAMAN	HUAMBALPA				"
"050908	AYACUCHO	VILCAS HUAMAN	INDEPENDENCIA				"
"050907	AYACUCHO	VILCAS HUAMAN	SAURAMA				"
"050902	AYACUCHO	VILCAS HUAMAN	VISCHONGO				"
"060101	CAJAMARCA	CAJAMARCA	CAJAMARCA				"
"060102	CAJAMARCA	CAJAMARCA	ASUNCION				"
"060104	CAJAMARCA	CAJAMARCA	CHETILLA				"
"060103	CAJAMARCA	CAJAMARCA	COSPAN				"
"060105	CAJAMARCA	CAJAMARCA	ENCA��AD"
"060106	CAJAMARCA	CAJAMARCA	JESUS				"
"060108	CAJAMARCA	CAJAMARCA	LLACANORA				"
"060107	CAJAMARCA	CAJAMARCA	LOS BA��OS DEL INC"
"060109	CAJAMARCA	CAJAMARCA	MAGDALENA				"
"060110	CAJAMARCA	CAJAMARCA	MATARA				"
"060111	CAJAMARCA	CAJAMARCA	NAMORA				"
"060112	CAJAMARCA	CAJAMARCA	SAN JUAN				"
"060201	CAJAMARCA	CAJABAMBA	CAJABAMBA				"
"060202	CAJAMARCA	CAJABAMBA	CACHACHI				"
"060203	CAJAMARCA	CAJABAMBA	CONDEBAMBA				"
"060205	CAJAMARCA	CAJABAMBA	SITACOCHA				"
"060301	CAJAMARCA	CELENDIN	CELENDIN				"
"060303	CAJAMARCA	CELENDIN	CHUMUCH				"
"060302	CAJAMARCA	CELENDIN	CORTEGANA				"
"060304	CAJAMARCA	CELENDIN	HUASMIN				"
"060305	CAJAMARCA	CELENDIN	JORGE CHAVEZ				"
"060306	CAJAMARCA	CELENDIN	JOSE GALVEZ				"
"060307	CAJAMARCA	CELENDIN	MIGUEL IGLESIAS				"
"060308	CAJAMARCA	CELENDIN	OXAMARCA				"
"060309	CAJAMARCA	CELENDIN	SOROCHUCO				"
"060310	CAJAMARCA	CELENDIN	SUCRE				"
"060311	CAJAMARCA	CELENDIN	UTCO				"
"060312	CAJAMARCA	CELENDIN	LA LIBERTAD DE PALLAN				"
"060601	CAJAMARCA	CHOTA	CHOTA				"
"060602	CAJAMARCA	CHOTA	ANGUIA				"
"060605	CAJAMARCA	CHOTA	CHADIN				"
"060606	CAJAMARCA	CHOTA	CHIGUIRIP				"
"060607	CAJAMARCA	CHOTA	CHIMBAN				"
"060618	CAJAMARCA	CHOTA	CHOROPAMPA				"
"060603	CAJAMARCA	CHOTA	COCHABAMBA				"
"060604	CAJAMARCA	CHOTA	CONCHAN				"
"060608	CAJAMARCA	CHOTA	HUAMBOS				"
"060609	CAJAMARCA	CHOTA	LAJAS				"
"060610	CAJAMARCA	CHOTA	LLAMA				"
"060611	CAJAMARCA	CHOTA	MIRACOSTA				"
"060612	CAJAMARCA	CHOTA	PACCHA				"
"060613	CAJAMARCA	CHOTA	PION				"
"060614	CAJAMARCA	CHOTA	QUEROCOTO				"
"060617	CAJAMARCA	CHOTA	SAN JUAN DE LICUPIS				"
"060615	CAJAMARCA	CHOTA	TACABAMBA				"
"060616	CAJAMARCA	CHOTA	TOCMOCHE				"
"060619	CAJAMARCA	CHOTA	CHALAMARCA				"
"060401	CAJAMARCA	CONTUMAZA	CONTUMAZA				"
"060403	CAJAMARCA	CONTUMAZA	CHILETE				"
"060406	CAJAMARCA	CONTUMAZA	CUPISNIQUE				"
"060404	CAJAMARCA	CONTUMAZA	GUZMANGO				"
"060405	CAJAMARCA	CONTUMAZA	SAN BENITO				"
"060409	CAJAMARCA	CONTUMAZA	SANTA CRUZ DE TOLEDO				"
"060407	CAJAMARCA	CONTUMAZA	TANTARICA				"
"060408	CAJAMARCA	CONTUMAZA	YONAN				"
"060501	CAJAMARCA	CUTERVO	CUTERVO				"
"060502	CAJAMARCA	CUTERVO	CALLAYUC				"
"060504	CAJAMARCA	CUTERVO	CHOROS				"
"060503	CAJAMARCA	CUTERVO	CUJILLO				"
"060505	CAJAMARCA	CUTERVO	LA RAMADA				"
"060506	CAJAMARCA	CUTERVO	PIMPINGOS				"
"060507	CAJAMARCA	CUTERVO	QUEROCOTILLO				"
"060508	CAJAMARCA	CUTERVO	SAN ANDRES DE CUTERVO				"
"060509	CAJAMARCA	CUTERVO	SAN JUAN DE CUTERVO				"
"060510	CAJAMARCA	CUTERVO	SAN LUIS DE LUCMA				"
"060511	CAJAMARCA	CUTERVO	SANTA CRUZ				"
"060512	CAJAMARCA	CUTERVO	SANTO DOMINGO DE LA CAPILLA				"
"060513	CAJAMARCA	CUTERVO	SANTO TOMAS				"
"060514	CAJAMARCA	CUTERVO	SOCOTA				"
"060515	CAJAMARCA	CUTERVO	TORIBIO CASANOVA				"
"060701	CAJAMARCA	HUALGAYOC	BAMBAMARCA				"
"060702	CAJAMARCA	HUALGAYOC	CHUGUR				"
"060703	CAJAMARCA	HUALGAYOC	HUALGAYOC				"
"060801	CAJAMARCA	JAEN	JAEN				"
"060802	CAJAMARCA	JAEN	BELLAVISTA				"
"060804	CAJAMARCA	JAEN	CHONTALI				"
"060803	CAJAMARCA	JAEN	COLASAY				"
"060812	CAJAMARCA	JAEN	HUABAL				"
"060811	CAJAMARCA	JAEN	LAS PIRIAS				"
"060805	CAJAMARCA	JAEN	POMAHUACA				"
"060806	CAJAMARCA	JAEN	PUCARA				"
"060807	CAJAMARCA	JAEN	SALLIQUE				"
"060808	CAJAMARCA	JAEN	SAN FELIPE				"
"060809	CAJAMARCA	JAEN	SAN JOSE DEL ALTO				"
"060810	CAJAMARCA	JAEN	SANTA ROSA				"
"061101	CAJAMARCA	SAN IGNACIO	SAN IGNACIO				"
"061102	CAJAMARCA	SAN IGNACIO	CHIRINOS				"
"061103	CAJAMARCA	SAN IGNACIO	HUARANGO				"
"061105	CAJAMARCA	SAN IGNACIO	LA COIPA				"
"061104	CAJAMARCA	SAN IGNACIO	NAMBALLE				"
"061106	CAJAMARCA	SAN IGNACIO	SAN JOSE DE LOURDES				"
"061107	CAJAMARCA	SAN IGNACIO	TABACONAS				"
"061201	CAJAMARCA	SAN MARCOS	PEDRO GALVEZ				"
"061207	CAJAMARCA	SAN MARCOS	CHANCAY				"
"061205	CAJAMARCA	SAN MARCOS	EDUARDO VILLANUEVA				"
"061203	CAJAMARCA	SAN MARCOS	GREGORIO PITA				"
"061202	CAJAMARCA	SAN MARCOS	ICHOCAN				"
"061204	CAJAMARCA	SAN MARCOS	JOSE MANUEL QUIROZ				"
"061206	CAJAMARCA	SAN MARCOS	JOSE SABOGAL				"
"061001	CAJAMARCA	SAN MIGUEL	SAN MIGUEL				"
"061013	CAJAMARCA	SAN MIGUEL	BOLIVAR				"
"061002	CAJAMARCA	SAN MIGUEL	CALQUIS				"
"061012	CAJAMARCA	SAN MIGUEL	CATILLUC				"
"061009	CAJAMARCA	SAN MIGUEL	EL PRADO				"
"061003	CAJAMARCA	SAN MIGUEL	LA FLORIDA				"
"061004	CAJAMARCA	SAN MIGUEL	LLAPA				"
"061005	CAJAMARCA	SAN MIGUEL	NANCHOC				"
"061006	CAJAMARCA	SAN MIGUEL	NIEPOS				"
"061007	CAJAMARCA	SAN MIGUEL	SAN GREGORIO				"
"061008	CAJAMARCA	SAN MIGUEL	SAN SILVESTRE DE COCHAN				"
"061011	CAJAMARCA	SAN MIGUEL	TONGOD				"
"061010	CAJAMARCA	SAN MIGUEL	UNION AGUA BLANCA				"
"061301	CAJAMARCA	SAN PABLO	SAN PABLO				"
"061302	CAJAMARCA	SAN PABLO	SAN BERNARDINO				"
"061303	CAJAMARCA	SAN PABLO	SAN LUIS				"
"061304	CAJAMARCA	SAN PABLO	TUMBADEN				"
"060901	CAJAMARCA	SANTA CRUZ	SANTA CRUZ				"
"060910	CAJAMARCA	SANTA CRUZ	ANDABAMBA				"
"060902	CAJAMARCA	SANTA CRUZ	CATACHE				"
"060903	CAJAMARCA	SANTA CRUZ	CHANCAYBA��O"
"060904	CAJAMARCA	SANTA CRUZ	LA ESPERANZA				"
"060905	CAJAMARCA	SANTA CRUZ	NINABAMBA				"
"060906	CAJAMARCA	SANTA CRUZ	PULAN				"
"060911	CAJAMARCA	SANTA CRUZ	SAUCEPAMPA				"
"060907	CAJAMARCA	SANTA CRUZ	SEXI				"
"060908	CAJAMARCA	SANTA CRUZ	UTICYACU				"
"060909	CAJAMARCA	SANTA CRUZ	YAUYUCAN				"
"240101	CALLAO	CALLAO	CALLAO				"
"240102	CALLAO	CALLAO	BELLAVISTA				"
"240104	CALLAO	CALLAO	CARMEN DE LA LEGUA REYNOSO				"
"240105	CALLAO	CALLAO	LA PERLA				"
"240103	CALLAO	CALLAO	LA PUNTA				"
"240106	CALLAO	CALLAO	VENTANILLA				"
"240107	CALLAO	CALLAO	MI PERU				"
"070101	CUSCO	CUSCO	CUSCO				"
"070102	CUSCO	CUSCO	CCORCA				"
"070103	CUSCO	CUSCO	POROY				"
"070104	CUSCO	CUSCO	SAN JERONIMO				"
"070105	CUSCO	CUSCO	SAN SEBASTIAN				"
"070106	CUSCO	CUSCO	SANTIAGO				"
"070107	CUSCO	CUSCO	SAYLLA				"
"070108	CUSCO	CUSCO	WANCHAQ				"
"070201	CUSCO	ACOMAYO	ACOMAYO				"
"070202	CUSCO	ACOMAYO	ACOPIA				"
"070203	CUSCO	ACOMAYO	ACOS				"
"070207	CUSCO	ACOMAYO	MOSOC LLACTA				"
"070204	CUSCO	ACOMAYO	POMACANCHI				"
"070205	CUSCO	ACOMAYO	RONDOCAN				"
"070206	CUSCO	ACOMAYO	SANGARARA				"
"070301	CUSCO	ANTA	ANTA				"
"070309	CUSCO	ANTA	ANCAHUASI				"
"070308	CUSCO	ANTA	CACHIMAYO				"
"070302	CUSCO	ANTA	CHINCHAYPUJIO				"
"070303	CUSCO	ANTA	HUAROCONDO				"
"070304	CUSCO	ANTA	LIMATAMBO				"
"070305	CUSCO	ANTA	MOLLEPATA				"
"070306	CUSCO	ANTA	PUCYURA				"
"070307	CUSCO	ANTA	ZURITE				"
"070401	CUSCO	CALCA	CALCA				"
"070402	CUSCO	CALCA	COYA				"
"070403	CUSCO	CALCA	LAMAY				"
"070404	CUSCO	CALCA	LARES				"
"070405	CUSCO	CALCA	PISAC				"
"070406	CUSCO	CALCA	SAN SALVADOR				"
"070407	CUSCO	CALCA	TARAY				"
"070408	CUSCO	CALCA	YANATILE				"
"070501	CUSCO	CANAS	YANAOCA				"
"070502	CUSCO	CANAS	CHECCA				"
"070503	CUSCO	CANAS	KUNTURKANKI				"
"070504	CUSCO	CANAS	LANGUI				"
"070505	CUSCO	CANAS	LAYO				"
"070506	CUSCO	CANAS	PAMPAMARCA				"
"070507	CUSCO	CANAS	QUEHUE				"
"070508	CUSCO	CANAS	TUPAC AMARU				"
"070601	CUSCO	CANCHIS	SICUANI				"
"070603	CUSCO	CANCHIS	CHECACUPE				"
"070602	CUSCO	CANCHIS	COMBAPATA				"
"070604	CUSCO	CANCHIS	MARANGANI				"
"070605	CUSCO	CANCHIS	PITUMARCA				"
"070606	CUSCO	CANCHIS	SAN PABLO				"
"070607	CUSCO	CANCHIS	SAN PEDRO				"
"070608	CUSCO	CANCHIS	TINTA				"
"070701	CUSCO	CHUMBIVILCAS	SANTO TOMAS				"
"070702	CUSCO	CHUMBIVILCAS	CAPACMARCA				"
"070704	CUSCO	CHUMBIVILCAS	CHAMACA				"
"070703	CUSCO	CHUMBIVILCAS	COLQUEMARCA				"
"070705	CUSCO	CHUMBIVILCAS	LIVITACA				"
"070706	CUSCO	CHUMBIVILCAS	LLUSCO				"
"070707	CUSCO	CHUMBIVILCAS	QUI��OT"
"070708	CUSCO	CHUMBIVILCAS	VELILLE				"
"070801	CUSCO	ESPINAR	ESPINAR				"
"070802	CUSCO	ESPINAR	CONDOROMA				"
"070803	CUSCO	ESPINAR	COPORAQUE				"
"070804	CUSCO	ESPINAR	OCORURO				"
"070805	CUSCO	ESPINAR	PALLPATA				"
"070806	CUSCO	ESPINAR	PICHIGUA				"
"070807	CUSCO	ESPINAR	SUYCKUTAMBO				"
"070808	CUSCO	ESPINAR	ALTO PICHIGUA				"
"070901	CUSCO	LA CONVENCION	SANTA ANA				"
"070902	CUSCO	LA CONVENCION	ECHARATE				"
"070903	CUSCO	LA CONVENCION	HUAYOPATA				"
"070904	CUSCO	LA CONVENCION	MARANURA				"
"070905	CUSCO	LA CONVENCION	OCOBAMBA				"
"070908	CUSCO	LA CONVENCION	QUELLOUNO				"
"070909	CUSCO	LA CONVENCION	QUIMBIRI				"
"070906	CUSCO	LA CONVENCION	SANTA TERESA				"
"070907	CUSCO	LA CONVENCION	VILCABAMBA				"
"070910	CUSCO	LA CONVENCION	PICHARI				"
"070911	CUSCO	LA CONVENCION	INKAWASI				"
"070912	CUSCO	LA CONVENCION	VILLA VIRGEN				"
"070913	CUSCO	LA CONVENCION	VILLA KINTIARINA				"
"070915	CUSCO	LA CONVENCION	MEGANTONI				"
"071001	CUSCO	PARURO	PARURO				"
"071002	CUSCO	PARURO	ACCHA				"
"071003	CUSCO	PARURO	CCAPI				"
"071004	CUSCO	PARURO	COLCHA				"
"071005	CUSCO	PARURO	HUANOQUITE				"
"071006	CUSCO	PARURO	OMACHA				"
"071008	CUSCO	PARURO	PACCARITAMBO				"
"071009	CUSCO	PARURO	PILLPINTO				"
"071007	CUSCO	PARURO	YAURISQUE				"
"071101	CUSCO	PAUCARTAMBO	PAUCARTAMBO				"
"071102	CUSCO	PAUCARTAMBO	CAICAY				"
"071104	CUSCO	PAUCARTAMBO	CHALLABAMBA				"
"071103	CUSCO	PAUCARTAMBO	COLQUEPATA				"
"071106	CUSCO	PAUCARTAMBO	HUANCARANI				"
"071105	CUSCO	PAUCARTAMBO	KOS��IPAT"
"071201	CUSCO	QUISPICANCHI	URCOS				"
"071202	CUSCO	QUISPICANCHI	ANDAHUAYLILLAS				"
"071203	CUSCO	QUISPICANCHI	CAMANTI				"
"071204	CUSCO	QUISPICANCHI	CCARHUAYO				"
"071205	CUSCO	QUISPICANCHI	CCATCA				"
"071206	CUSCO	QUISPICANCHI	CUSIPATA				"
"071207	CUSCO	QUISPICANCHI	HUARO				"
"071208	CUSCO	QUISPICANCHI	LUCRE				"
"071209	CUSCO	QUISPICANCHI	MARCAPATA				"
"071210	CUSCO	QUISPICANCHI	OCONGATE				"
"071211	CUSCO	QUISPICANCHI	OROPESA				"
"071212	CUSCO	QUISPICANCHI	QUIQUIJANA				"
"071301	CUSCO	URUBAMBA	URUBAMBA				"
"071302	CUSCO	URUBAMBA	CHINCHERO				"
"071303	CUSCO	URUBAMBA	HUAYLLABAMBA				"
"071304	CUSCO	URUBAMBA	MACHUPICCHU				"
"071305	CUSCO	URUBAMBA	MARAS				"
"071306	CUSCO	URUBAMBA	OLLANTAYTAMBO				"
"071307	CUSCO	URUBAMBA	YUCAY				"
"080101	HUANCAVELICA	HUANCAVELICA	HUANCAVELICA				"
"080102	HUANCAVELICA	HUANCAVELICA	ACOBAMBILLA				"
"080103	HUANCAVELICA	HUANCAVELICA	ACORIA				"
"080104	HUANCAVELICA	HUANCAVELICA	CONAYCA				"
"080105	HUANCAVELICA	HUANCAVELICA	CUENCA				"
"080106	HUANCAVELICA	HUANCAVELICA	HUACHOCOLPA				"
"080108	HUANCAVELICA	HUANCAVELICA	HUAYLLAHUARA				"
"080109	HUANCAVELICA	HUANCAVELICA	IZCUCHACA				"
"080110	HUANCAVELICA	HUANCAVELICA	LARIA				"
"080111	HUANCAVELICA	HUANCAVELICA	MANTA				"
"080112	HUANCAVELICA	HUANCAVELICA	MARISCAL CACERES				"
"080113	HUANCAVELICA	HUANCAVELICA	MOYA				"
"080114	HUANCAVELICA	HUANCAVELICA	NUEVO OCCORO				"
"080115	HUANCAVELICA	HUANCAVELICA	PALCA				"
"080116	HUANCAVELICA	HUANCAVELICA	PILCHACA				"
"080117	HUANCAVELICA	HUANCAVELICA	VILCA				"
"080118	HUANCAVELICA	HUANCAVELICA	YAULI				"
"080119	HUANCAVELICA	HUANCAVELICA	ASCENSION				"
"080120	HUANCAVELICA	HUANCAVELICA	HUANDO				"
"080201	HUANCAVELICA	ACOBAMBA	ACOBAMBA				"
"080203	HUANCAVELICA	ACOBAMBA	ANDABAMBA				"
"080202	HUANCAVELICA	ACOBAMBA	ANTA				"
"080204	HUANCAVELICA	ACOBAMBA	CAJA				"
"080205	HUANCAVELICA	ACOBAMBA	MARCAS				"
"080206	HUANCAVELICA	ACOBAMBA	PAUCARA				"
"080207	HUANCAVELICA	ACOBAMBA	POMACOCHA				"
"080208	HUANCAVELICA	ACOBAMBA	ROSARIO				"
"080301	HUANCAVELICA	ANGARAES	LIRCAY				"
"080302	HUANCAVELICA	ANGARAES	ANCHONGA				"
"080303	HUANCAVELICA	ANGARAES	CALLANMARCA				"
"080312	HUANCAVELICA	ANGARAES	CCOCHACCASA				"
"080305	HUANCAVELICA	ANGARAES	CHINCHO				"
"080304	HUANCAVELICA	ANGARAES	CONGALLA				"
"080307	HUANCAVELICA	ANGARAES	HUANCA-HUANCA				"
"080306	HUANCAVELICA	ANGARAES	HUAYLLAY GRANDE				"
"080308	HUANCAVELICA	ANGARAES	JULCAMARCA				"
"080309	HUANCAVELICA	ANGARAES	SAN ANTONIO DE ANTAPARCO				"
"080310	HUANCAVELICA	ANGARAES	SANTO TOMAS DE PATA				"
"080311	HUANCAVELICA	ANGARAES	SECCLLA				"
"080401	HUANCAVELICA	CASTROVIRREYNA	CASTROVIRREYNA				"
"080402	HUANCAVELICA	CASTROVIRREYNA	ARMA				"
"080403	HUANCAVELICA	CASTROVIRREYNA	AURAHUA				"
"080405	HUANCAVELICA	CASTROVIRREYNA	CAPILLAS				"
"080408	HUANCAVELICA	CASTROVIRREYNA	CHUPAMARCA				"
"080406	HUANCAVELICA	CASTROVIRREYNA	COCAS				"
"080409	HUANCAVELICA	CASTROVIRREYNA	HUACHOS				"
"080410	HUANCAVELICA	CASTROVIRREYNA	HUAMATAMBO				"
"080414	HUANCAVELICA	CASTROVIRREYNA	MOLLEPAMPA				"
"080422	HUANCAVELICA	CASTROVIRREYNA	SAN JUAN				"
"080429	HUANCAVELICA	CASTROVIRREYNA	SANTA ANA				"
"080427	HUANCAVELICA	CASTROVIRREYNA	TANTARA				"
"080428	HUANCAVELICA	CASTROVIRREYNA	TICRAPO				"
"080701	HUANCAVELICA	CHURCAMPA	CHURCAMPA				"
"080702	HUANCAVELICA	CHURCAMPA	ANCO				"
"080703	HUANCAVELICA	CHURCAMPA	CHINCHIHUASI				"
"080704	HUANCAVELICA	CHURCAMPA	EL CARMEN				"
"080705	HUANCAVELICA	CHURCAMPA	LA MERCED				"
"080706	HUANCAVELICA	CHURCAMPA	LOCROJA				"
"080707	HUANCAVELICA	CHURCAMPA	PAUCARBAMBA				"
"080708	HUANCAVELICA	CHURCAMPA	SAN MIGUEL DE MAYOCC				"
"080709	HUANCAVELICA	CHURCAMPA	SAN PEDRO DE CORIS				"
"080710	HUANCAVELICA	CHURCAMPA	PACHAMARCA				"
"080711	HUANCAVELICA	CHURCAMPA	COSME				"
"080604	HUANCAVELICA	HUAYTARA	HUAYTARA				"
"080601	HUANCAVELICA	HUAYTARA	AYAVI				"
"080602	HUANCAVELICA	HUAYTARA	CORDOVA				"
"080603	HUANCAVELICA	HUAYTARA	HUAYACUNDO ARMA				"
"080605	HUANCAVELICA	HUAYTARA	LARAMARCA				"
"080606	HUANCAVELICA	HUAYTARA	OCOYO				"
"080607	HUANCAVELICA	HUAYTARA	PILPICHACA				"
"080608	HUANCAVELICA	HUAYTARA	QUERCO				"
"080609	HUANCAVELICA	HUAYTARA	QUITO-ARMA				"
"080610	HUANCAVELICA	HUAYTARA	SAN ANTONIO DE CUSICANCHA				"
"080611	HUANCAVELICA	HUAYTARA	SAN FRANCISCO DE SANGAYAICO				"
"080612	HUANCAVELICA	HUAYTARA	SAN ISIDRO				"
"080613	HUANCAVELICA	HUAYTARA	SANTIAGO DE CHOCORVOS				"
"080614	HUANCAVELICA	HUAYTARA	SANTIAGO DE QUIRAHUARA				"
"080615	HUANCAVELICA	HUAYTARA	SANTO DOMINGO DE CAPILLAS				"
"080616	HUANCAVELICA	HUAYTARA	TAMBO				"
"080501	HUANCAVELICA	TAYACAJA	PAMPAS				"
"080502	HUANCAVELICA	TAYACAJA	ACOSTAMBO				"
"080503	HUANCAVELICA	TAYACAJA	ACRAQUIA				"
"080504	HUANCAVELICA	TAYACAJA	AHUAYCHA				"
"080506	HUANCAVELICA	TAYACAJA	COLCABAMBA				"
"080509	HUANCAVELICA	TAYACAJA	DANIEL HERNANDEZ				"
"080511	HUANCAVELICA	TAYACAJA	HUACHOCOLPA				"
"080512	HUANCAVELICA	TAYACAJA	HUARIBAMBA				"
"080515	HUANCAVELICA	TAYACAJA	�AHUIMPUQUIO		"
"080517	HUANCAVELICA	TAYACAJA	PAZOS				"
"080518	HUANCAVELICA	TAYACAJA	QUISHUAR				"
"080519	HUANCAVELICA	TAYACAJA	SALCABAMBA				"
"080526	HUANCAVELICA	TAYACAJA	SALCAHUASI				"
"080520	HUANCAVELICA	TAYACAJA	SAN MARCOS DE ROCCHAC				"
"080523	HUANCAVELICA	TAYACAJA	SURCUBAMBA				"
"080525	HUANCAVELICA	TAYACAJA	TINTAY PUNCU				"
"080528	HUANCAVELICA	TAYACAJA	QUICHUAS				"
"080529	HUANCAVELICA	TAYACAJA	ANDAYMARCA				"
"080530	HUANCAVELICA	TAYACAJA	ROBLE				"
"080531	HUANCAVELICA	TAYACAJA	PICHOS				"
"080532	HUANCAVELICA	TAYACAJA	SANTIAGO DE TUCUMA				"
"090101	HUANUCO	HUANUCO	HUANUCO				"
"090110	HUANUCO	HUANUCO	AMARILIS				"
"090102	HUANUCO	HUANUCO	CHINCHAO				"
"090103	HUANUCO	HUANUCO	CHURUBAMBA				"
"090104	HUANUCO	HUANUCO	MARGOS				"
"090105	HUANUCO	HUANUCO	QUISQUI				"
"090106	HUANUCO	HUANUCO	SAN FRANCISCO DE CAYRAN				"
"090107	HUANUCO	HUANUCO	SAN PEDRO DE CHAULAN				"
"090108	HUANUCO	HUANUCO	SANTA MARIA DEL VALLE				"
"090109	HUANUCO	HUANUCO	YARUMAYO				"
"090111	HUANUCO	HUANUCO	PILLCO MARCA				"
"090112	HUANUCO	HUANUCO	YACUS				"
"090113	HUANUCO	HUANUCO	SAN PABLO DE PILLAO				"
"090201	HUANUCO	AMBO	AMBO				"
"090202	HUANUCO	AMBO	CAYNA				"
"090203	HUANUCO	AMBO	COLPAS				"
"090204	HUANUCO	AMBO	CONCHAMARCA				"
"090205	HUANUCO	AMBO	HUACAR				"
"090206	HUANUCO	AMBO	SAN FRANCISCO				"
"090207	HUANUCO	AMBO	SAN RAFAEL				"
"090208	HUANUCO	AMBO	TOMAY KICHWA				"
"090301	HUANUCO	DOS DE MAYO	LA UNION				"
"090307	HUANUCO	DOS DE MAYO	CHUQUIS				"
"090312	HUANUCO	DOS DE MAYO	MARIAS				"
"090314	HUANUCO	DOS DE MAYO	PACHAS				"
"090316	HUANUCO	DOS DE MAYO	QUIVILLA				"
"090317	HUANUCO	DOS DE MAYO	RIPAN				"
"090321	HUANUCO	DOS DE MAYO	SHUNQUI				"
"090322	HUANUCO	DOS DE MAYO	SILLAPATA				"
"090323	HUANUCO	DOS DE MAYO	YANAS				"
"090901	HUANUCO	HUACAYBAMBA	HUACAYBAMBA				"
"090903	HUANUCO	HUACAYBAMBA	CANCHABAMBA				"
"090904	HUANUCO	HUACAYBAMBA	COCHABAMBA				"
"090902	HUANUCO	HUACAYBAMBA	PINRA				"
"090401	HUANUCO	HUAMALIES	LLATA				"
"090402	HUANUCO	HUAMALIES	ARANCAY				"
"090403	HUANUCO	HUAMALIES	CHAVIN DE PARIARCA				"
"090404	HUANUCO	HUAMALIES	JACAS GRANDE				"
"090405	HUANUCO	HUAMALIES	JIRCAN				"
"090406	HUANUCO	HUAMALIES	MIRAFLORES				"
"090407	HUANUCO	HUAMALIES	MONZON				"
"090408	HUANUCO	HUAMALIES	PUNCHAO				"
"090409	HUANUCO	HUAMALIES	PU��O"
"090410	HUANUCO	HUAMALIES	SINGA				"
"090411	HUANUCO	HUAMALIES	TANTAMAYO				"
"090601	HUANUCO	LEONCIO PRADO	RUPA-RUPA				"
"090602	HUANUCO	LEONCIO PRADO	DANIEL ALOMIAS ROBLES				"
"090603	HUANUCO	LEONCIO PRADO	HERMILIO VALDIZAN				"
"090606	HUANUCO	LEONCIO PRADO	JOSE CRESPO Y CASTILLO				"
"090604	HUANUCO	LEONCIO PRADO	LUYANDO				"
"090605	HUANUCO	LEONCIO PRADO	MARIANO DAMASO BERAUN				"
"090607	HUANUCO	LEONCIO PRADO	PUCAYACU				"
"090608	HUANUCO	LEONCIO PRADO	CASTILLO GRANDE				"
"090609	HUANUCO	LEONCIO PRADO	PUEBLO NUEVO				"
"090610	HUANUCO	LEONCIO PRADO	SANTO DOMINGO DE ANDA				"
"090501	HUANUCO	MARA��O	HUACRACHUCO"
"090502	HUANUCO	MARA��O	CHOLON"
"090505	HUANUCO	MARA��O	SAN BUENAVENTURA"
"090506	HUANUCO	MARA��O	LA MORADA"
"090507	HUANUCO	MARA��O	SANTA ROSA DE ALTO YANAJANCA"
"090701	HUANUCO	PACHITEA	PANAO				"
"090702	HUANUCO	PACHITEA	CHAGLLA				"
"090704	HUANUCO	PACHITEA	MOLINO				"
"090706	HUANUCO	PACHITEA	UMARI				"
"090802	HUANUCO	PUERTO INCA	PUERTO INCA				"
"090803	HUANUCO	PUERTO INCA	CODO DEL POZUZO				"
"090801	HUANUCO	PUERTO INCA	HONORIA				"
"090804	HUANUCO	PUERTO INCA	TOURNAVISTA				"
"090805	HUANUCO	PUERTO INCA	YUYAPICHIS				"
"091001	HUANUCO	LAURICOCHA	JESUS				"
"091002	HUANUCO	LAURICOCHA	BA��O"
"091007	HUANUCO	LAURICOCHA	JIVIA				"
"091004	HUANUCO	LAURICOCHA	QUEROPALCA				"
"091006	HUANUCO	LAURICOCHA	RONDOS				"
"091003	HUANUCO	LAURICOCHA	SAN FRANCISCO DE ASIS				"
"091005	HUANUCO	LAURICOCHA	SAN MIGUEL DE CAURI				"
"091101	HUANUCO	YAROWILCA	CHAVINILLO				"
"091103	HUANUCO	YAROWILCA	CAHUAC				"
"091104	HUANUCO	YAROWILCA	CHACABAMBA				"
"091102	HUANUCO	YAROWILCA	APARICIO POMARES				"
"091105	HUANUCO	YAROWILCA	JACAS CHICO				"
"091106	HUANUCO	YAROWILCA	OBAS				"
"091107	HUANUCO	YAROWILCA	PAMPAMARCA				"
"091108	HUANUCO	YAROWILCA	CHORAS				"
"100101	ICA	ICA	ICA				"
"100102	ICA	ICA	LA TINGUI��"
"100103	ICA	ICA	LOS AQUIJES				"
"100114	ICA	ICA	OCUCAJE				"
"100113	ICA	ICA	PACHACUTEC				"
"100104	ICA	ICA	PARCONA				"
"100105	ICA	ICA	PUEBLO NUEVO				"
"100106	ICA	ICA	SALAS				"
"100107	ICA	ICA	SAN JOSE DE LOS MOLINOS				"
"100108	ICA	ICA	SAN JUAN BAUTISTA				"
"100109	ICA	ICA	SANTIAGO				"
"100110	ICA	ICA	SUBTANJALLA				"
"100112	ICA	ICA	TATE				"
"100111	ICA	ICA	YAUCA DEL ROSARIO				"
"100201	ICA	CHINCHA	CHINCHA ALTA				"
"100209	ICA	CHINCHA	ALTO LARAN				"
"100202	ICA	CHINCHA	CHAVIN				"
"100203	ICA	CHINCHA	CHINCHA BAJA				"
"100204	ICA	CHINCHA	EL CARMEN				"
"100205	ICA	CHINCHA	GROCIO PRADO				"
"100210	ICA	CHINCHA	PUEBLO NUEVO				"
"100211	ICA	CHINCHA	SAN JUAN DE YANAC				"
"100206	ICA	CHINCHA	SAN PEDRO DE HUACARPANA				"
"100207	ICA	CHINCHA	SUNAMPE				"
"100208	ICA	CHINCHA	TAMBO DE MORA				"
"100301	ICA	NAZCA	NAZCA				"
"100302	ICA	NAZCA	CHANGUILLO				"
"100303	ICA	NAZCA	EL INGENIO				"
"100304	ICA	NAZCA	MARCONA				"
"100305	ICA	NAZCA	VISTA ALEGRE				"
"100501	ICA	PALPA	PALPA				"
"100502	ICA	PALPA	LLIPATA				"
"100503	ICA	PALPA	RIO GRANDE				"
"100504	ICA	PALPA	SANTA CRUZ				"
"100505	ICA	PALPA	TIBILLO				"
"100401	ICA	PISCO	PISCO				"
"100402	ICA	PISCO	HUANCANO				"
"100403	ICA	PISCO	HUMAY				"
"100404	ICA	PISCO	INDEPENDENCIA				"
"100405	ICA	PISCO	PARACAS				"
"100406	ICA	PISCO	SAN ANDRES				"
"100407	ICA	PISCO	SAN CLEMENTE				"
"100408	ICA	PISCO	TUPAC AMARU INCA				"
"110101	JUNIN	HUANCAYO	HUANCAYO				"
"110103	JUNIN	HUANCAYO	CARHUACALLANGA				"
"110106	JUNIN	HUANCAYO	CHACAPAMPA				"
"110107	JUNIN	HUANCAYO	CHICCHE				"
"110108	JUNIN	HUANCAYO	CHILCA				"
"110109	JUNIN	HUANCAYO	CHONGOS ALTO				"
"110112	JUNIN	HUANCAYO	CHUPURO				"
"110104	JUNIN	HUANCAYO	COLCA				"
"110105	JUNIN	HUANCAYO	CULLHUAS				"
"110113	JUNIN	HUANCAYO	EL TAMBO				"
"110114	JUNIN	HUANCAYO	HUACRAPUQUIO				"
"110116	JUNIN	HUANCAYO	HUALHUAS				"
"110118	JUNIN	HUANCAYO	HUANCAN				"
"110119	JUNIN	HUANCAYO	HUASICANCHA				"
"110120	JUNIN	HUANCAYO	HUAYUCACHI				"
"110121	JUNIN	HUANCAYO	INGENIO				"
"110122	JUNIN	HUANCAYO	PARIAHUANCA				"
"110123	JUNIN	HUANCAYO	PILCOMAYO				"
"110124	JUNIN	HUANCAYO	PUCARA				"
"110125	JUNIN	HUANCAYO	QUICHUAY				"
"110126	JUNIN	HUANCAYO	QUILCAS				"
"110127	JUNIN	HUANCAYO	SAN AGUSTIN				"
"110128	JUNIN	HUANCAYO	SAN JERONIMO DE TUNAN				"
"110132	JUNIN	HUANCAYO	SA��"
"110133	JUNIN	HUANCAYO	SAPALLANGA				"
"110134	JUNIN	HUANCAYO	SICAYA				"
"110131	JUNIN	HUANCAYO	SANTO DOMINGO DE ACOBAMBA				"
"110136	JUNIN	HUANCAYO	VIQUES				"
"110201	JUNIN	CONCEPCION	CONCEPCION				"
"110202	JUNIN	CONCEPCION	ACO				"
"110203	JUNIN	CONCEPCION	ANDAMARCA				"
"110206	JUNIN	CONCEPCION	CHAMBARA				"
"110205	JUNIN	CONCEPCION	COCHAS				"
"110204	JUNIN	CONCEPCION	COMAS				"
"110207	JUNIN	CONCEPCION	HEROINAS TOLEDO				"
"110208	JUNIN	CONCEPCION	MANZANARES				"
"110209	JUNIN	CONCEPCION	MARISCAL CASTILLA				"
"110210	JUNIN	CONCEPCION	MATAHUASI				"
"110211	JUNIN	CONCEPCION	MITO				"
"110212	JUNIN	CONCEPCION	NUEVE DE JULIO				"
"110213	JUNIN	CONCEPCION	ORCOTUNA				"
"110215	JUNIN	CONCEPCION	SAN JOSE DE QUERO				"
"110214	JUNIN	CONCEPCION	SANTA ROSA DE OCOPA				"
"110801	JUNIN	CHANCHAMAYO	CHANCHAMAYO				"
"110806	JUNIN	CHANCHAMAYO	PERENE				"
"110805	JUNIN	CHANCHAMAYO	PICHANAQUI				"
"110804	JUNIN	CHANCHAMAYO	SAN LUIS DE SHUARO				"
"110802	JUNIN	CHANCHAMAYO	SAN RAMON				"
"110803	JUNIN	CHANCHAMAYO	VITOC				"
"110301	JUNIN	JAUJA	JAUJA				"
"110302	JUNIN	JAUJA	ACOLLA				"
"110303	JUNIN	JAUJA	APATA				"
"110304	JUNIN	JAUJA	ATAURA				"
"110305	JUNIN	JAUJA	CANCHAYLLO				"
"110331	JUNIN	JAUJA	CURICACA				"
"110306	JUNIN	JAUJA	EL MANTARO				"
"110307	JUNIN	JAUJA	HUAMALI				"
"110308	JUNIN	JAUJA	HUARIPAMPA				"
"110309	JUNIN	JAUJA	HUERTAS				"
"110310	JUNIN	JAUJA	JANJAILLO				"
"110311	JUNIN	JAUJA	JULCAN				"
"110312	JUNIN	JAUJA	LEONOR ORDO��E"
"110313	JUNIN	JAUJA	LLOCLLAPAMPA				"
"110314	JUNIN	JAUJA	MARCO				"
"110315	JUNIN	JAUJA	MASMA				"
"110332	JUNIN	JAUJA	MASMA CHICCHE				"
"110316	JUNIN	JAUJA	MOLINOS				"
"110317	JUNIN	JAUJA	MONOBAMBA				"
"110318	JUNIN	JAUJA	MUQUI				"
"110319	JUNIN	JAUJA	MUQUIYAUYO				"
"110320	JUNIN	JAUJA	PACA				"
"110321	JUNIN	JAUJA	PACCHA				"
"110322	JUNIN	JAUJA	PANCAN				"
"110323	JUNIN	JAUJA	PARCO				"
"110324	JUNIN	JAUJA	POMACANCHA				"
"110325	JUNIN	JAUJA	RICRAN				"
"110326	JUNIN	JAUJA	SAN LORENZO				"
"110327	JUNIN	JAUJA	SAN PEDRO DE CHUNAN				"
"110333	JUNIN	JAUJA	SAUSA				"
"110328	JUNIN	JAUJA	SINCOS				"
"110329	JUNIN	JAUJA	TUNAN MARCA				"
"110330	JUNIN	JAUJA	YAULI				"
"110334	JUNIN	JAUJA	YAUYOS				"
"110401	JUNIN	JUNIN	JUNIN				"
"110402	JUNIN	JUNIN	CARHUAMAYO				"
"110403	JUNIN	JUNIN	ONDORES				"
"110404	JUNIN	JUNIN	ULCUMAYO				"
"110701	JUNIN	SATIPO	SATIPO				"
"110702	JUNIN	SATIPO	COVIRIALI				"
"110703	JUNIN	SATIPO	LLAYLLA				"
"110704	JUNIN	SATIPO	MAZAMARI				"
"110705	JUNIN	SATIPO	PAMPA HERMOSA				"
"110706	JUNIN	SATIPO	PANGOA				"
"110707	JUNIN	SATIPO	RIO NEGRO				"
"110708	JUNIN	SATIPO	RIO TAMBO				"
"110709	JUNIN	SATIPO	VIZCATAN DEL ENE				"
"110501	JUNIN	TARMA	TARMA				"
"110502	JUNIN	TARMA	ACOBAMBA				"
"110503	JUNIN	TARMA	HUARICOLCA				"
"110504	JUNIN	TARMA	HUASAHUASI				"
"110505	JUNIN	TARMA	LA UNION				"
"110506	JUNIN	TARMA	PALCA				"
"110507	JUNIN	TARMA	PALCAMAYO				"
"110508	JUNIN	TARMA	SAN PEDRO DE CAJAS				"
"110509	JUNIN	TARMA	TAPO				"
"110601	JUNIN	YAULI	LA OROYA				"
"110602	JUNIN	YAULI	CHACAPALPA				"
"110603	JUNIN	YAULI	HUAY-HUAY				"
"110604	JUNIN	YAULI	MARCAPOMACOCHA				"
"110605	JUNIN	YAULI	MOROCOCHA				"
"110606	JUNIN	YAULI	PACCHA				"
"110607	JUNIN	YAULI	SANTA BARBARA DE CARHUACAYAN				"
"110610	JUNIN	YAULI	SANTA ROSA DE SACCO				"
"110608	JUNIN	YAULI	SUITUCANCHA				"
"110609	JUNIN	YAULI	YAULI				"
"110901	JUNIN	CHUPACA	CHUPACA				"
"110902	JUNIN	CHUPACA	AHUAC				"
"110903	JUNIN	CHUPACA	CHONGOS BAJO				"
"110904	JUNIN	CHUPACA	HUACHAC				"
"110905	JUNIN	CHUPACA	HUAMANCACA CHICO				"
"110906	JUNIN	CHUPACA	SAN JUAN DE YSCOS				"
"110907	JUNIN	CHUPACA	SAN JUAN DE JARPA				"
"110908	JUNIN	CHUPACA	TRES DE DICIEMBRE				"
"110909	JUNIN	CHUPACA	YANACANCHA				"
"120101	LA LIBERTAD	TRUJILLO	TRUJILLO				"
"120110	LA LIBERTAD	TRUJILLO	EL PORVENIR				"
"120112	LA LIBERTAD	TRUJILLO	FLORENCIA DE MORA				"
"120102	LA LIBERTAD	TRUJILLO	HUANCHACO				"
"120111	LA LIBERTAD	TRUJILLO	LA ESPERANZA				"
"120103	LA LIBERTAD	TRUJILLO	LAREDO				"
"120104	LA LIBERTAD	TRUJILLO	MOCHE				"
"120109	LA LIBERTAD	TRUJILLO	POROTO				"
"120105	LA LIBERTAD	TRUJILLO	SALAVERRY				"
"120106	LA LIBERTAD	TRUJILLO	SIMBAL				"
"120107	LA LIBERTAD	TRUJILLO	VICTOR LARCO HERRERA				"
"120801	LA LIBERTAD	ASCOPE	ASCOPE				"
"120802	LA LIBERTAD	ASCOPE	CHICAMA				"
"120803	LA LIBERTAD	ASCOPE	CHOCOPE				"
"120805	LA LIBERTAD	ASCOPE	MAGDALENA DE CAO				"
"120806	LA LIBERTAD	ASCOPE	PAIJAN				"
"120807	LA LIBERTAD	ASCOPE	RAZURI				"
"120804	LA LIBERTAD	ASCOPE	SANTIAGO DE CAO				"
"120808	LA LIBERTAD	ASCOPE	CASA GRANDE				"
"120201	LA LIBERTAD	BOLIVAR	BOLIVAR				"
"120202	LA LIBERTAD	BOLIVAR	BAMBAMARCA				"
"120203	LA LIBERTAD	BOLIVAR	CONDORMARCA				"
"120204	LA LIBERTAD	BOLIVAR	LONGOTEA				"
"120206	LA LIBERTAD	BOLIVAR	UCHUMARCA				"
"120205	LA LIBERTAD	BOLIVAR	UCUNCHA				"
"120901	LA LIBERTAD	CHEPEN	CHEPEN				"
"120902	LA LIBERTAD	CHEPEN	PACANGA				"
"120903	LA LIBERTAD	CHEPEN	PUEBLO NUEVO				"
"121001	LA LIBERTAD	JULCAN	JULCAN				"
"121003	LA LIBERTAD	JULCAN	CALAMARCA				"
"121002	LA LIBERTAD	JULCAN	CARABAMBA				"
"121004	LA LIBERTAD	JULCAN	HUASO				"
"120401	LA LIBERTAD	OTUZCO	OTUZCO				"
"120402	LA LIBERTAD	OTUZCO	AGALLPAMPA				"
"120403	LA LIBERTAD	OTUZCO	CHARAT				"
"120404	LA LIBERTAD	OTUZCO	HUARANCHAL				"
"120405	LA LIBERTAD	OTUZCO	LA CUESTA				"
"120413	LA LIBERTAD	OTUZCO	MACHE				"
"120408	LA LIBERTAD	OTUZCO	PARANDAY				"
"120409	LA LIBERTAD	OTUZCO	SALPO				"
"120410	LA LIBERTAD	OTUZCO	SINSICAP				"
"120411	LA LIBERTAD	OTUZCO	USQUIL				"
"120501	LA LIBERTAD	PACASMAYO	SAN PEDRO DE LLOC				"
"120503	LA LIBERTAD	PACASMAYO	GUADALUPE				"
"120504	LA LIBERTAD	PACASMAYO	JEQUETEPEQUE				"
"120506	LA LIBERTAD	PACASMAYO	PACASMAYO				"
"120508	LA LIBERTAD	PACASMAYO	SAN JOSE				"
"120601	LA LIBERTAD	PATAZ	TAYABAMBA				"
"120602	LA LIBERTAD	PATAZ	BULDIBUYO				"
"120603	LA LIBERTAD	PATAZ	CHILLIA				"
"120605	LA LIBERTAD	PATAZ	HUANCASPATA				"
"120604	LA LIBERTAD	PATAZ	HUAYLILLAS				"
"120606	LA LIBERTAD	PATAZ	HUAYO				"
"120607	LA LIBERTAD	PATAZ	ONGON				"
"120608	LA LIBERTAD	PATAZ	PARCOY				"
"120609	LA LIBERTAD	PATAZ	PATAZ				"
"120610	LA LIBERTAD	PATAZ	PIAS				"
"120613	LA LIBERTAD	PATAZ	SANTIAGO DE CHALLAS				"
"120611	LA LIBERTAD	PATAZ	TAURIJA				"
"120612	LA LIBERTAD	PATAZ	URPAY				"
"120301	LA LIBERTAD	SANCHEZ CARRION	HUAMACHUCO				"
"120304	LA LIBERTAD	SANCHEZ CARRION	CHUGAY				"
"120302	LA LIBERTAD	SANCHEZ CARRION	COCHORCO				"
"120303	LA LIBERTAD	SANCHEZ CARRION	CURGOS				"
"120305	LA LIBERTAD	SANCHEZ CARRION	MARCABAL				"
"120306	LA LIBERTAD	SANCHEZ CARRION	SANAGORAN				"
"120307	LA LIBERTAD	SANCHEZ CARRION	SARIN				"
"120308	LA LIBERTAD	SANCHEZ CARRION	SARTIMBAMBA				"
"120701	LA LIBERTAD	SANTIAGO DE CHUCO	SANTIAGO DE CHUCO				"
"120708	LA LIBERTAD	SANTIAGO DE CHUCO	ANGASMARCA				"
"120702	LA LIBERTAD	SANTIAGO DE CHUCO	CACHICADAN				"
"120703	LA LIBERTAD	SANTIAGO DE CHUCO	MOLLEBAMBA				"
"120704	LA LIBERTAD	SANTIAGO DE CHUCO	MOLLEPATA				"
"120705	LA LIBERTAD	SANTIAGO DE CHUCO	QUIRUVILCA				"
"120706	LA LIBERTAD	SANTIAGO DE CHUCO	SANTA CRUZ DE CHUCA				"
"120707	LA LIBERTAD	SANTIAGO DE CHUCO	SITABAMBA				"
"121101	LA LIBERTAD	GRAN CHIMU	CASCAS				"
"121102	LA LIBERTAD	GRAN CHIMU	LUCMA				"
"121103	LA LIBERTAD	GRAN CHIMU	MARMOT				"
"121104	LA LIBERTAD	GRAN CHIMU	SAYAPULLO				"
"121201	LA LIBERTAD	VIRU	VIRU				"
"121202	LA LIBERTAD	VIRU	CHAO				"
"121203	LA LIBERTAD	VIRU	GUADALUPITO				"
"130101	LAMBAYEQUE	CHICLAYO	CHICLAYO				"
"130102	LAMBAYEQUE	CHICLAYO	CHONGOYAPE				"
"130103	LAMBAYEQUE	CHICLAYO	ETEN				"
"130104	LAMBAYEQUE	CHICLAYO	ETEN PUERTO				"
"130112	LAMBAYEQUE	CHICLAYO	JOSE LEONARDO ORTIZ				"
"130115	LAMBAYEQUE	CHICLAYO	LA VICTORIA				"
"130105	LAMBAYEQUE	CHICLAYO	LAGUNAS				"
"130106	LAMBAYEQUE	CHICLAYO	MONSEFU				"
"130107	LAMBAYEQUE	CHICLAYO	NUEVA ARICA				"
"130108	LAMBAYEQUE	CHICLAYO	OYOTUN				"
"130109	LAMBAYEQUE	CHICLAYO	PICSI				"
"130110	LAMBAYEQUE	CHICLAYO	PIMENTEL				"
"130111	LAMBAYEQUE	CHICLAYO	REQUE				"
"130113	LAMBAYEQUE	CHICLAYO	SANTA ROSA				"
"130114	LAMBAYEQUE	CHICLAYO	SA��"
"130116	LAMBAYEQUE	CHICLAYO	CAYALTI				"
"130117	LAMBAYEQUE	CHICLAYO	PATAPO				"
"130118	LAMBAYEQUE	CHICLAYO	POMALCA				"
"130119	LAMBAYEQUE	CHICLAYO	PUCALA				"
"130120	LAMBAYEQUE	CHICLAYO	TUMAN				"
"130201	LAMBAYEQUE	FERRE��AF	FERRE�"
"130203	LAMBAYEQUE	FERRE��AF	CA�"
"130202	LAMBAYEQUE	FERRE��AF	INCAHUASI"
"130206	LAMBAYEQUE	FERRE��AF	MANUEL ANTONIO MESONES MURO"
"130204	LAMBAYEQUE	FERRE��AF	PITIPO"
"130205	LAMBAYEQUE	FERRE��AF	PUEBLO NUEVO"
"130301	LAMBAYEQUE	LAMBAYEQUE	LAMBAYEQUE				"
"130302	LAMBAYEQUE	LAMBAYEQUE	CHOCHOPE				"
"130303	LAMBAYEQUE	LAMBAYEQUE	ILLIMO				"
"130304	LAMBAYEQUE	LAMBAYEQUE	JAYANCA				"
"130305	LAMBAYEQUE	LAMBAYEQUE	MOCHUMI				"
"130306	LAMBAYEQUE	LAMBAYEQUE	MORROPE				"
"130307	LAMBAYEQUE	LAMBAYEQUE	MOTUPE				"
"130308	LAMBAYEQUE	LAMBAYEQUE	OLMOS				"
"130309	LAMBAYEQUE	LAMBAYEQUE	PACORA				"
"130310	LAMBAYEQUE	LAMBAYEQUE	SALAS				"
"130311	LAMBAYEQUE	LAMBAYEQUE	SAN JOSE				"
"130312	LAMBAYEQUE	LAMBAYEQUE	TUCUME				"
"140101	LIMA	LIMA	LIMA				"
"140102	LIMA	LIMA	ANCON				"
"140103	LIMA	LIMA	ATE				"
"140125	LIMA	LIMA	BARRANCO				"
"140104	LIMA	LIMA	BRE��"
"140105	LIMA	LIMA	CARABAYLLO				"
"140107	LIMA	LIMA	CHACLACAYO				"
"140108	LIMA	LIMA	CHORRILLOS				"
"140139	LIMA	LIMA	CIENEGUILLA				"
"140106	LIMA	LIMA	COMAS				"
"140135	LIMA	LIMA	EL AGUSTINO				"
"140134	LIMA	LIMA	INDEPENDENCIA				"
"140133	LIMA	LIMA	JESUS MARIA				"
"140110	LIMA	LIMA	LA MOLINA				"
"140109	LIMA	LIMA	LA VICTORIA				"
"140111	LIMA	LIMA	LINCE				"
"140142	LIMA	LIMA	LOS OLIVOS				"
"140112	LIMA	LIMA	LURIGANCHO				"
"140113	LIMA	LIMA	LURIN				"
"140114	LIMA	LIMA	MAGDALENA DEL MAR				"
"140117	LIMA	LIMA	PUEBLO LIBRE				"
"140115	LIMA	LIMA	MIRAFLORES				"
"140116	LIMA	LIMA	PACHACAMAC				"
"140118	LIMA	LIMA	PUCUSANA				"
"140119	LIMA	LIMA	PUENTE PIEDRA				"
"140120	LIMA	LIMA	PUNTA HERMOSA				"
"140121	LIMA	LIMA	PUNTA NEGRA				"
"140122	LIMA	LIMA	RIMAC				"
"140123	LIMA	LIMA	SAN BARTOLO				"
"140140	LIMA	LIMA	SAN BORJA				"
"140124	LIMA	LIMA	SAN ISIDRO				"
"140137	LIMA	LIMA	SAN JUAN DE LURIGANCHO				"
"140136	LIMA	LIMA	SAN JUAN DE MIRAFLORES				"
"140138	LIMA	LIMA	SAN LUIS				"
"140126	LIMA	LIMA	SAN MARTIN DE PORRES				"
"140127	LIMA	LIMA	SAN MIGUEL				"
"140143	LIMA	LIMA	SANTA ANITA				"
"140128	LIMA	LIMA	SANTA MARIA DEL MAR				"
"140129	LIMA	LIMA	SANTA ROSA				"
"140130	LIMA	LIMA	SANTIAGO DE SURCO				"
"140131	LIMA	LIMA	SURQUILLO				"
"140141	LIMA	LIMA	VILLA EL SALVADOR				"
"140132	LIMA	LIMA	VILLA MARIA DEL TRIUNFO				"
"140901	LIMA	BARRANCA	BARRANCA				"
"140902	LIMA	BARRANCA	PARAMONGA				"
"140903	LIMA	BARRANCA	PATIVILCA				"
"140904	LIMA	BARRANCA	SUPE				"
"140905	LIMA	BARRANCA	SUPE PUERTO				"
"140201	LIMA	CAJATAMBO	CAJATAMBO				"
"140205	LIMA	CAJATAMBO	COPA				"
"140206	LIMA	CAJATAMBO	GORGOR				"
"140207	LIMA	CAJATAMBO	HUANCAPON				"
"140208	LIMA	CAJATAMBO	MANAS				"
"140301	LIMA	CANTA	CANTA				"
"140302	LIMA	CANTA	ARAHUAY				"
"140303	LIMA	CANTA	HUAMANTANGA				"
"140304	LIMA	CANTA	HUAROS				"
"140305	LIMA	CANTA	LACHAQUI				"
"140306	LIMA	CANTA	SAN BUENAVENTURA				"
"140307	LIMA	CANTA	SANTA ROSA DE QUIVES				"
"140401	LIMA	CA��ET	SAN VICENTE DE CA�"
"140416	LIMA	CA��ET	ASIA"
"140402	LIMA	CA��ET	CALANGO"
"140403	LIMA	CA��ET	CERRO AZUL"
"140405	LIMA	CA��ET	CHILCA"
"140404	LIMA	CA��ET	COAYLLO"
"140406	LIMA	CA��ET	IMPERIAL"
"140407	LIMA	CA��ET	LUNAHUANA"
"140408	LIMA	CA��ET	MALA"
"140409	LIMA	CA��ET	NUEVO IMPERIAL"
"140410	LIMA	CA��ET	PACARAN"
"140411	LIMA	CA��ET	QUILMANA"
"140412	LIMA	CA��ET	SAN ANTONIO"
"140413	LIMA	CA��ET	SAN LUIS"
"140414	LIMA	CA��ET	SANTA CRUZ DE FLORES"
"140415	LIMA	CA��ET	ZU�"
"140801	LIMA	HUARAL	HUARAL				"
"140802	LIMA	HUARAL	ATAVILLOS ALTO				"
"140803	LIMA	HUARAL	ATAVILLOS BAJO				"
"140804	LIMA	HUARAL	AUCALLAMA				"
"140805	LIMA	HUARAL	CHANCAY				"
"140806	LIMA	HUARAL	IHUARI				"
"140807	LIMA	HUARAL	LAMPIAN				"
"140808	LIMA	HUARAL	PACARAOS				"
"140809	LIMA	HUARAL	SAN MIGUEL DE ACOS				"
"140811	LIMA	HUARAL	SANTA CRUZ DE ANDAMARCA				"
"140812	LIMA	HUARAL	SUMBILCA				"
"140810	LIMA	HUARAL	VEINTISIETE DE NOVIEMBRE				"
"140601	LIMA	HUAROCHIRI	MATUCANA				"
"140602	LIMA	HUAROCHIRI	ANTIOQUIA				"
"140603	LIMA	HUAROCHIRI	CALLAHUANCA				"
"140604	LIMA	HUAROCHIRI	CARAMPOMA				"
"140607	LIMA	HUAROCHIRI	CHICLA				"
"140606	LIMA	HUAROCHIRI	CUENCA				"
"140630	LIMA	HUAROCHIRI	HUACHUPAMPA				"
"140608	LIMA	HUAROCHIRI	HUANZA				"
"140609	LIMA	HUAROCHIRI	HUAROCHIRI				"
"140610	LIMA	HUAROCHIRI	LAHUAYTAMBO				"
"140611	LIMA	HUAROCHIRI	LANGA				"
"140631	LIMA	HUAROCHIRI	LARAOS				"
"140612	LIMA	HUAROCHIRI	MARIATANA				"
"140613	LIMA	HUAROCHIRI	RICARDO PALMA				"
"140614	LIMA	HUAROCHIRI	SAN ANDRES DE TUPICOCHA				"
"140615	LIMA	HUAROCHIRI	SAN ANTONIO				"
"140616	LIMA	HUAROCHIRI	SAN BARTOLOME				"
"140617	LIMA	HUAROCHIRI	SAN DAMIAN				"
"140632	LIMA	HUAROCHIRI	SAN JUAN DE IRIS				"
"140619	LIMA	HUAROCHIRI	SAN JUAN DE TANTARANCHE				"
"140620	LIMA	HUAROCHIRI	SAN LORENZO DE QUINTI				"
"140621	LIMA	HUAROCHIRI	SAN MATEO				"
"140622	LIMA	HUAROCHIRI	SAN MATEO DE OTAO				"
"140605	LIMA	HUAROCHIRI	SAN PEDRO DE CASTA				"
"140623	LIMA	HUAROCHIRI	SAN PEDRO DE HUANCAYRE				"
"140618	LIMA	HUAROCHIRI	SANGALLAYA				"
"140624	LIMA	HUAROCHIRI	SANTA CRUZ DE COCACHACRA				"
"140625	LIMA	HUAROCHIRI	SANTA EULALIA				"
"140626	LIMA	HUAROCHIRI	SANTIAGO DE ANCHUCAYA				"
"140627	LIMA	HUAROCHIRI	SANTIAGO DE TUNA				"
"140628	LIMA	HUAROCHIRI	SANTO DOMINGO DE LOS OLLEROS				"
"140629	LIMA	HUAROCHIRI	SURCO				"
"140501	LIMA	HUAURA	HUACHO				"
"140502	LIMA	HUAURA	AMBAR				"
"140504	LIMA	HUAURA	CALETA DE CARQUIN				"
"140505	LIMA	HUAURA	CHECRAS				"
"140506	LIMA	HUAURA	HUALMAY				"
"140507	LIMA	HUAURA	HUAURA				"
"140508	LIMA	HUAURA	LEONCIO PRADO				"
"140509	LIMA	HUAURA	PACCHO				"
"140511	LIMA	HUAURA	SANTA LEONOR				"
"140512	LIMA	HUAURA	SANTA MARIA				"
"140513	LIMA	HUAURA	SAYAN				"
"140516	LIMA	HUAURA	VEGUETA				"
"141001	LIMA	OYON	OYON				"
"141004	LIMA	OYON	ANDAJES				"
"141003	LIMA	OYON	CAUJUL				"
"141006	LIMA	OYON	COCHAMARCA				"
"141002	LIMA	OYON	NAVAN				"
"141005	LIMA	OYON	PACHANGARA				"
"140701	LIMA	YAUYOS	YAUYOS				"
"140702	LIMA	YAUYOS	ALIS				"
"140703	LIMA	YAUYOS	AYAUCA				"
"140704	LIMA	YAUYOS	AYAVIRI				"
"140705	LIMA	YAUYOS	AZANGARO				"
"140706	LIMA	YAUYOS	CACRA				"
"140707	LIMA	YAUYOS	CARANIA				"
"140733	LIMA	YAUYOS	CATAHUASI				"
"140710	LIMA	YAUYOS	CHOCOS				"
"140708	LIMA	YAUYOS	COCHAS				"
"140709	LIMA	YAUYOS	COLONIA				"
"140730	LIMA	YAUYOS	HONGOS				"
"140711	LIMA	YAUYOS	HUAMPARA				"
"140712	LIMA	YAUYOS	HUANCAYA				"
"140713	LIMA	YAUYOS	HUANGASCAR				"
"140714	LIMA	YAUYOS	HUANTAN				"
"140715	LIMA	YAUYOS	HUA��E"
"140716	LIMA	YAUYOS	LARAOS				"
"140717	LIMA	YAUYOS	LINCHA				"
"140731	LIMA	YAUYOS	MADEAN				"
"140718	LIMA	YAUYOS	MIRAFLORES				"
"140719	LIMA	YAUYOS	OMAS				"
"140732	LIMA	YAUYOS	PUTINZA				"
"140720	LIMA	YAUYOS	QUINCHES				"
"140721	LIMA	YAUYOS	QUINOCAY				"
"140722	LIMA	YAUYOS	SAN JOAQUIN				"
"140723	LIMA	YAUYOS	SAN PEDRO DE PILAS				"
"140724	LIMA	YAUYOS	TANTA				"
"140725	LIMA	YAUYOS	TAURIPAMPA				"
"140727	LIMA	YAUYOS	TOMAS				"
"140726	LIMA	YAUYOS	TUPE				"
"140728	LIMA	YAUYOS	VI��A"
"140729	LIMA	YAUYOS	VITIS				"
"150101	LORETO	MAYNAS	IQUITOS				"
"150102	LORETO	MAYNAS	ALTO NANAY				"
"150103	LORETO	MAYNAS	FERNANDO LORES				"
"150110	LORETO	MAYNAS	INDIANA				"
"150104	LORETO	MAYNAS	LAS AMAZONAS				"
"150105	LORETO	MAYNAS	MAZAN				"
"150106	LORETO	MAYNAS	NAPO				"
"150111	LORETO	MAYNAS	PUNCHANA				"
"150108	LORETO	MAYNAS	TORRES CAUSANA				"
"150112	LORETO	MAYNAS	BELEN				"
"150113	LORETO	MAYNAS	SAN JUAN BAUTISTA				"
"150201	LORETO	ALTO AMAZONAS	YURIMAGUAS				"
"150202	LORETO	ALTO AMAZONAS	BALSAPUERTO				"
"150205	LORETO	ALTO AMAZONAS	JEBEROS				"
"150206	LORETO	ALTO AMAZONAS	LAGUNAS				"
"230201	TUMBES	CONTRALMIRANTE VILLAR	ZORRITOS				"
"230202	TUMBES	CONTRALMIRANTE VILLAR	CASITAS				"
"230203	TUMBES	CONTRALMIRANTE VILLAR	CANOAS DE PUNTA SAL				"
"230301	TUMBES	ZARUMILLA	ZARUMILLA				"
"230304	TUMBES	ZARUMILLA	AGUAS VERDES				"
"230302	TUMBES	ZARUMILLA	MATAPALO				"
"230303	TUMBES	ZARUMILLA	PAPAYAL				"
"250101	UCAYALI	CORONEL PORTILLO	CALLERIA				"
"250104	UCAYALI	CORONEL PORTILLO	CAMPOVERDE				"
"250105	UCAYALI	CORONEL PORTILLO	IPARIA				"
"250103	UCAYALI	CORONEL PORTILLO	MASISEA				"
"250102	UCAYALI	CORONEL PORTILLO	YARINACOCHA				"
"250106	UCAYALI	CORONEL PORTILLO	NUEVA REQUENA				"
"250107	UCAYALI	CORONEL PORTILLO	MANANTAY				"
"250301	UCAYALI	ATALAYA	RAYMONDI				"
"250304	UCAYALI	ATALAYA	SEPAHUA				"
"250302	UCAYALI	ATALAYA	TAHUANIA				"
"250303	UCAYALI	ATALAYA	YURUA				"
"250201	UCAYALI	PADRE ABAD	PADRE ABAD				"
"250202	UCAYALI	PADRE ABAD	IRAZOLA				"
"250203	UCAYALI	PADRE ABAD	CURIMANA				"
"250204	UCAYALI	PADRE ABAD	NESHUYA				"
"250205	UCAYALI	PADRE ABAD	ALEXANDER VON HUMBOLDT				"
"250401	UCAYALI	PURUS	PURUS				"
"050314	AYACUCHO	HUANTA	PUTIS				"
"050412	AYACUCHO	LA MAR	UNION PROGRESO				"
"050415	AYACUCHO	LA MAR	RIO MAGDALENA				"
"050414	AYACUCHO	LA MAR	NINABAMBA				"
"050413	AYACUCHO	LA MAR	PATIBAMBA				"
"250207	UCAYALI	PADRE ABAD	HUIPOCA				"
"250206	UCAYALI	PADRE ABAD	BOQUERON				"
"170107	MOQUEGUA	MARISCAL NIETO	SAN ANTONIO				"
"080533	HUANCAVELICA	TAYACAJA	LAMBRAS				"
"080534	HUANCAVELICA	TAYACAJA	COCHABAMBA				"
"	LIMA	LIMA	SANTA MARIA DE HUACHIPA				"
"070916	CUSCO	LA CONVENCION	KUMPIRUSHIATO				"
"070917	CUSCO	LA CONVENCION	CIELO PUNCO				"
"070918	CUSCO	LA CONVENCION	MANITEA				"
"070919	CUSCO	LA CONVENCION	UNION ASH��NINK"
"030712	APURIMAC	CHINCHEROS	AHUAYRO				"
"210806	SAN MARTIN	TOCACHE	SANTA LUCIA				"
"150107	LORETO	MAYNAS	PUTUMAYO				"
"150114	LORETO	MAYNAS	TENIENTE MANUEL CLAVERO				"
"150210	LORETO	ALTO AMAZONAS	SANTA CRUZ				"
"150211	LORETO	ALTO AMAZONAS	TENIENTE CESAR LOPEZ ROJAS				"
"150301	LORETO	LORETO	NAUTA				"
"150302	LORETO	LORETO	PARINARI				"
"150303	LORETO	LORETO	TIGRE				"
"150305	LORETO	LORETO	TROMPETEROS				"
"150304	LORETO	LORETO	URARINAS				"
"150601	LORETO	MARISCAL RAMON CASTILLA	RAMON CASTILLA				"
"150602	LORETO	MARISCAL RAMON CASTILLA	PEBAS				"
"150603	LORETO	MARISCAL RAMON CASTILLA	YAVARI				"
"150604	LORETO	MARISCAL RAMON CASTILLA	SAN PABLO				"
"150401	LORETO	REQUENA	REQUENA				"
"150402	LORETO	REQUENA	ALTO TAPICHE				"
"150403	LORETO	REQUENA	CAPELO				"
"150404	LORETO	REQUENA	EMILIO SAN MARTIN				"
"150405	LORETO	REQUENA	MAQUIA				"
"150406	LORETO	REQUENA	PUINAHUA				"
"150407	LORETO	REQUENA	SAQUENA				"
"150408	LORETO	REQUENA	SOPLIN				"
"150409	LORETO	REQUENA	TAPICHE				"
"150410	LORETO	REQUENA	JENARO HERRERA				"
"150411	LORETO	REQUENA	YAQUERANA				"
"150501	LORETO	UCAYALI	CONTAMANA				"
"150506	LORETO	UCAYALI	INAHUAYA				"
"150503	LORETO	UCAYALI	PADRE MARQUEZ				"
"150504	LORETO	UCAYALI	PAMPA HERMOSA				"
"150505	LORETO	UCAYALI	SARAYACU				"
"150502	LORETO	UCAYALI	VARGAS GUERRA				"
"150701	LORETO	DATEM DEL MARA��O	BARRANCA"
"150703	LORETO	DATEM DEL MARA��O	CAHUAPANAS"
"150704	LORETO	DATEM DEL MARA��O	MANSERICHE"
"150705	LORETO	DATEM DEL MARA��O	MORONA"
"150706	LORETO	DATEM DEL MARA��O	PASTAZA"
"150702	LORETO	DATEM DEL MARA��O	ANDOAS"
"150901	LORETO	PUTUMAYO	PUTUMAYO				"
"150902	LORETO	PUTUMAYO	ROSA PANDURO				"
"150903	LORETO	PUTUMAYO	TENIENTE MANUEL CLAVERO				"
"150904	LORETO	PUTUMAYO	YAGUAS				"
"160101	MADRE DE DIOS	TAMBOPATA	TAMBOPATA				"
"160102	MADRE DE DIOS	TAMBOPATA	INAMBARI				"
"160103	MADRE DE DIOS	TAMBOPATA	LAS PIEDRAS				"
"160104	MADRE DE DIOS	TAMBOPATA	LABERINTO				"
"160201	MADRE DE DIOS	MANU	MANU				"
"160202	MADRE DE DIOS	MANU	FITZCARRALD				"
"160203	MADRE DE DIOS	MANU	MADRE DE DIOS				"
"160204	MADRE DE DIOS	MANU	HUEPETUHE				"
"160301	MADRE DE DIOS	TAHUAMANU	I��APAR"
"160302	MADRE DE DIOS	TAHUAMANU	IBERIA				"
"160303	MADRE DE DIOS	TAHUAMANU	TAHUAMANU				"
"170101	MOQUEGUA	MARISCAL NIETO	MOQUEGUA				"
"170102	MOQUEGUA	MARISCAL NIETO	CARUMAS				"
"170103	MOQUEGUA	MARISCAL NIETO	CUCHUMBAYA				"
"170106	MOQUEGUA	MARISCAL NIETO	SAMEGUA				"
"170104	MOQUEGUA	MARISCAL NIETO	SAN CRISTOBAL				"
"170105	MOQUEGUA	MARISCAL NIETO	TORATA				"
"170201	MOQUEGUA	GENERAL SANCHEZ CERRO	OMATE				"
"170203	MOQUEGUA	GENERAL SANCHEZ CERRO	CHOJATA				"
"170202	MOQUEGUA	GENERAL SANCHEZ CERRO	COALAQUE				"
"170204	MOQUEGUA	GENERAL SANCHEZ CERRO	ICHU��"
"170205	MOQUEGUA	GENERAL SANCHEZ CERRO	LA CAPILLA				"
"170206	MOQUEGUA	GENERAL SANCHEZ CERRO	LLOQUE				"
"170207	MOQUEGUA	GENERAL SANCHEZ CERRO	MATALAQUE				"
"170208	MOQUEGUA	GENERAL SANCHEZ CERRO	PUQUINA				"
"170209	MOQUEGUA	GENERAL SANCHEZ CERRO	QUINISTAQUILLAS				"
"170210	MOQUEGUA	GENERAL SANCHEZ CERRO	UBINAS				"
"170211	MOQUEGUA	GENERAL SANCHEZ CERRO	YUNGA				"
"170301	MOQUEGUA	ILO	ILO				"
"170302	MOQUEGUA	ILO	EL ALGARROBAL				"
"170303	MOQUEGUA	ILO	PACOCHA				"
"180101	PASCO	PASCO	CHAUPIMARCA				"
"180103	PASCO	PASCO	HUACHON				"
"180104	PASCO	PASCO	HUARIACA				"
"180105	PASCO	PASCO	HUAYLLAY				"
"180106	PASCO	PASCO	NINACACA				"
"180107	PASCO	PASCO	PALLANCHACRA				"
"180108	PASCO	PASCO	PAUCARTAMBO				"
"180109	PASCO	PASCO	SAN FRANCISCO DE ASIS DE YARUSYACAN				"
"180110	PASCO	PASCO	SIMON BOLIVAR				"
"180111	PASCO	PASCO	TICLACAYAN				"
"180112	PASCO	PASCO	TINYAHUARCO				"
"180113	PASCO	PASCO	VICCO				"
"180114	PASCO	PASCO	YANACANCHA				"
"180201	PASCO	DANIEL ALCIDES CARRION	YANAHUANCA				"
"180202	PASCO	DANIEL ALCIDES CARRION	CHACAYAN				"
"180203	PASCO	DANIEL ALCIDES CARRION	GOYLLARISQUIZGA				"
"180204	PASCO	DANIEL ALCIDES CARRION	PAUCAR				"
"180205	PASCO	DANIEL ALCIDES CARRION	SAN PEDRO DE PILLAO				"
"180206	PASCO	DANIEL ALCIDES CARRION	SANTA ANA DE TUSI				"
"180207	PASCO	DANIEL ALCIDES CARRION	TAPUC				"
"180208	PASCO	DANIEL ALCIDES CARRION	VILCABAMBA				"
"180301	PASCO	OXAPAMPA	OXAPAMPA				"
"180302	PASCO	OXAPAMPA	CHONTABAMBA				"
"180303	PASCO	OXAPAMPA	HUANCABAMBA				"
"180307	PASCO	OXAPAMPA	PALCAZU				"
"180306	PASCO	OXAPAMPA	POZUZO				"
"180304	PASCO	OXAPAMPA	PUERTO BERMUDEZ				"
"180305	PASCO	OXAPAMPA	VILLA RICA				"
"180308	PASCO	OXAPAMPA	CONSTITUCION				"
"190101	PIURA	PIURA	PIURA				"
"190103	PIURA	PIURA	CASTILLA				"
"190104	PIURA	PIURA	CATACAOS				"
"190113	PIURA	PIURA	CURA MORI				"
"190114	PIURA	PIURA	EL TALLAN				"
"190105	PIURA	PIURA	LA ARENA				"
"190106	PIURA	PIURA	LA UNION				"
"190107	PIURA	PIURA	LAS LOMAS				"
"190109	PIURA	PIURA	TAMBO GRANDE				"
"190115	PIURA	PIURA	VEINTISEIS DE OCTUBRE				"
"190201	PIURA	AYABACA	AYABACA				"
"190202	PIURA	AYABACA	FRIAS				"
"190209	PIURA	AYABACA	JILILI				"
"190203	PIURA	AYABACA	LAGUNAS				"
"190204	PIURA	AYABACA	MONTERO				"
"190205	PIURA	AYABACA	PACAIPAMPA				"
"190210	PIURA	AYABACA	PAIMAS				"
"190206	PIURA	AYABACA	SAPILLICA				"
"190207	PIURA	AYABACA	SICCHEZ				"
"190208	PIURA	AYABACA	SUYO				"
"190301	PIURA	HUANCABAMBA	HUANCABAMBA				"
"190302	PIURA	HUANCABAMBA	CANCHAQUE				"
"190306	PIURA	HUANCABAMBA	EL CARMEN DE LA FRONTERA				"
"190303	PIURA	HUANCABAMBA	HUARMACA				"
"190308	PIURA	HUANCABAMBA	LALAQUIZ				"
"190307	PIURA	HUANCABAMBA	SAN MIGUEL DE EL FAIQUE				"
"190304	PIURA	HUANCABAMBA	SONDOR				"
"190305	PIURA	HUANCABAMBA	SONDORILLO				"
"190401	PIURA	MORROPON	CHULUCANAS				"
"190402	PIURA	MORROPON	BUENOS AIRES				"
"190403	PIURA	MORROPON	CHALACO				"
"190408	PIURA	MORROPON	LA MATANZA				"
"190404	PIURA	MORROPON	MORROPON				"
"190405	PIURA	MORROPON	SALITRAL				"
"190410	PIURA	MORROPON	SAN JUAN DE BIGOTE				"
"190406	PIURA	MORROPON	SANTA CATALINA DE MOSSA				"
"190407	PIURA	MORROPON	SANTO DOMINGO				"
"190409	PIURA	MORROPON	YAMANGO				"
"190501	PIURA	PAITA	PAITA				"
"190502	PIURA	PAITA	AMOTAPE				"
"190503	PIURA	PAITA	ARENAL				"
"190505	PIURA	PAITA	COLAN				"
"190504	PIURA	PAITA	LA HUACA				"
"190506	PIURA	PAITA	TAMARINDO				"
"190507	PIURA	PAITA	VICHAYAL				"
"190601	PIURA	SULLANA	SULLANA				"
"190602	PIURA	SULLANA	BELLAVISTA				"
"190608	PIURA	SULLANA	IGNACIO ESCUDERO				"
"190603	PIURA	SULLANA	LANCONES				"
"190604	PIURA	SULLANA	MARCAVELICA				"
"190605	PIURA	SULLANA	MIGUEL CHECA				"
"190606	PIURA	SULLANA	QUERECOTILLO				"
"190607	PIURA	SULLANA	SALITRAL				"
"190701	PIURA	TALARA	PARI��A"
"190702	PIURA	TALARA	EL ALTO				"
"190703	PIURA	TALARA	LA BREA				"
"190704	PIURA	TALARA	LOBITOS				"
"190706	PIURA	TALARA	LOS ORGANOS				"
"190705	PIURA	TALARA	MANCORA				"
"190801	PIURA	SECHURA	SECHURA				"
"190804	PIURA	SECHURA	BELLAVISTA DE LA UNION				"
"190803	PIURA	SECHURA	BERNAL				"
"190805	PIURA	SECHURA	CRISTO NOS VALGA				"
"190802	PIURA	SECHURA	VICE				"
"190806	PIURA	SECHURA	RINCONADA LLICUAR				"
"200101	PUNO	PUNO	PUNO				"
"200102	PUNO	PUNO	ACORA				"
"200115	PUNO	PUNO	AMANTANI				"
"200103	PUNO	PUNO	ATUNCOLLA				"
"200104	PUNO	PUNO	CAPACHICA				"
"200106	PUNO	PUNO	CHUCUITO				"
"200105	PUNO	PUNO	COATA				"
"200107	PUNO	PUNO	HUATA				"
"200108	PUNO	PUNO	MA��AZ"
"200109	PUNO	PUNO	PAUCARCOLLA				"
"200110	PUNO	PUNO	PICHACANI				"
"200114	PUNO	PUNO	PLATERIA				"
"200111	PUNO	PUNO	SAN ANTONIO				"
"200112	PUNO	PUNO	TIQUILLACA				"
"200113	PUNO	PUNO	VILQUE				"
"200201	PUNO	AZANGARO	AZANGARO				"
"200202	PUNO	AZANGARO	ACHAYA				"
"200203	PUNO	AZANGARO	ARAPA				"
"200204	PUNO	AZANGARO	ASILLO				"
"200205	PUNO	AZANGARO	CAMINACA				"
"200206	PUNO	AZANGARO	CHUPA				"
"200207	PUNO	AZANGARO	JOSE DOMINGO CHOQUEHUANCA				"
"200208	PUNO	AZANGARO	MU��AN"
"200210	PUNO	AZANGARO	POTONI				"
"200212	PUNO	AZANGARO	SAMAN				"
"200213	PUNO	AZANGARO	SAN ANTON				"
"200214	PUNO	AZANGARO	SAN JOSE				"
"200215	PUNO	AZANGARO	SAN JUAN DE SALINAS				"
"200216	PUNO	AZANGARO	SANTIAGO DE PUPUJA				"
"200217	PUNO	AZANGARO	TIRAPATA				"
"200301	PUNO	CARABAYA	MACUSANI				"
"200302	PUNO	CARABAYA	AJOYANI				"
"200303	PUNO	CARABAYA	AYAPATA				"
"200304	PUNO	CARABAYA	COASA				"
"200305	PUNO	CARABAYA	CORANI				"
"200306	PUNO	CARABAYA	CRUCERO				"
"200307	PUNO	CARABAYA	ITUATA				"
"200308	PUNO	CARABAYA	OLLACHEA				"
"200309	PUNO	CARABAYA	SAN GABAN				"
"200310	PUNO	CARABAYA	USICAYOS				"
"200401	PUNO	CHUCUITO	JULI				"
"200402	PUNO	CHUCUITO	DESAGUADERO				"
"200403	PUNO	CHUCUITO	HUACULLANI				"
"200412	PUNO	CHUCUITO	KELLUYO				"
"200406	PUNO	CHUCUITO	PISACOMA				"
"200407	PUNO	CHUCUITO	POMATA				"
"200410	PUNO	CHUCUITO	ZEPITA				"
"201201	PUNO	EL COLLAO	ILAVE				"
"201204	PUNO	EL COLLAO	CAPAZO				"
"201202	PUNO	EL COLLAO	PILCUYO				"
"201203	PUNO	EL COLLAO	SANTA ROSA				"
"201205	PUNO	EL COLLAO	CONDURIRI				"
"200501	PUNO	HUANCANE	HUANCANE				"
"200502	PUNO	HUANCANE	COJATA				"
"200511	PUNO	HUANCANE	HUATASANI				"
"200504	PUNO	HUANCANE	INCHUPALLA				"
"200506	PUNO	HUANCANE	PUSI				"
"200507	PUNO	HUANCANE	ROSASPATA				"
"200508	PUNO	HUANCANE	TARACO				"
"200509	PUNO	HUANCANE	VILQUE CHICO				"
"200601	PUNO	LAMPA	LAMPA				"
"200602	PUNO	LAMPA	CABANILLA				"
"200603	PUNO	LAMPA	CALAPUJA				"
"200604	PUNO	LAMPA	NICASIO				"
"200605	PUNO	LAMPA	OCUVIRI				"
"200606	PUNO	LAMPA	PALCA				"
"200607	PUNO	LAMPA	PARATIA				"
"200608	PUNO	LAMPA	PUCARA				"
"200609	PUNO	LAMPA	SANTA LUCIA				"
"200610	PUNO	LAMPA	VILAVILA				"
"200701	PUNO	MELGAR	AYAVIRI				"
"200702	PUNO	MELGAR	ANTAUTA				"
"200703	PUNO	MELGAR	CUPI				"
"200704	PUNO	MELGAR	LLALLI				"
"200705	PUNO	MELGAR	MACARI				"
"200706	PUNO	MELGAR	NU��O"
"200707	PUNO	MELGAR	ORURILLO				"
"200708	PUNO	MELGAR	SANTA ROSA				"
"200709	PUNO	MELGAR	UMACHIRI				"
"201301	PUNO	MOHO	MOHO				"
"201302	PUNO	MOHO	CONIMA				"
"201304	PUNO	MOHO	HUAYRAPATA				"
"201303	PUNO	MOHO	TILALI				"
"201101	PUNO	SAN ANTONIO DE PUTINA	PUTINA				"
"201104	PUNO	SAN ANTONIO DE PUTINA	ANANEA				"
"201102	PUNO	SAN ANTONIO DE PUTINA	PEDRO VILCA APAZA				"
"201103	PUNO	SAN ANTONIO DE PUTINA	QUILCAPUNCU				"
"201105	PUNO	SAN ANTONIO DE PUTINA	SINA				"
"200901	PUNO	SAN ROMAN	JULIACA				"
"200902	PUNO	SAN ROMAN	CABANA				"
"200903	PUNO	SAN ROMAN	CABANILLAS				"
"200904	PUNO	SAN ROMAN	CARACOTO				"
"200905	PUNO	SAN ROMAN	SAN MIGUEL				"
"200801	PUNO	SANDIA	SANDIA				"
"200803	PUNO	SANDIA	CUYOCUYO				"
"200804	PUNO	SANDIA	LIMBANI				"
"200806	PUNO	SANDIA	PATAMBUCO				"
"200805	PUNO	SANDIA	PHARA				"
"200807	PUNO	SANDIA	QUIACA				"
"200808	PUNO	SANDIA	SAN JUAN DEL ORO				"
"200810	PUNO	SANDIA	YANAHUAYA				"
"200811	PUNO	SANDIA	ALTO INAMBARI				"
"200812	PUNO	SANDIA	SAN PEDRO DE PUTINA PUNCO				"
"201001	PUNO	YUNGUYO	YUNGUYO				"
"201003	PUNO	YUNGUYO	ANAPIA				"
"201004	PUNO	YUNGUYO	COPANI				"
"201005	PUNO	YUNGUYO	CUTURAPI				"
"201006	PUNO	YUNGUYO	OLLARAYA				"
"201007	PUNO	YUNGUYO	TINICACHI				"
"201002	PUNO	YUNGUYO	UNICACHI				"
"210101	SAN MARTIN	MOYOBAMBA	MOYOBAMBA				"
"210102	SAN MARTIN	MOYOBAMBA	CALZADA				"
"210103	SAN MARTIN	MOYOBAMBA	HABANA				"
"210104	SAN MARTIN	MOYOBAMBA	JEPELACIO				"
"210105	SAN MARTIN	MOYOBAMBA	SORITOR				"
"210106	SAN MARTIN	MOYOBAMBA	YANTALO				"
"210701	SAN MARTIN	BELLAVISTA	BELLAVISTA				"
"210704	SAN MARTIN	BELLAVISTA	ALTO BIAVO				"
"210706	SAN MARTIN	BELLAVISTA	BAJO BIAVO				"
"210705	SAN MARTIN	BELLAVISTA	HUALLAGA				"
"210703	SAN MARTIN	BELLAVISTA	SAN PABLO				"
"210702	SAN MARTIN	BELLAVISTA	SAN RAFAEL				"
"211001	SAN MARTIN	EL DORADO	SAN JOSE DE SISA				"
"211002	SAN MARTIN	EL DORADO	AGUA BLANCA				"
"211004	SAN MARTIN	EL DORADO	SAN MARTIN				"
"211005	SAN MARTIN	EL DORADO	SANTA ROSA				"
"211003	SAN MARTIN	EL DORADO	SHATOJA				"
"210201	SAN MARTIN	HUALLAGA	SAPOSOA				"
"210205	SAN MARTIN	HUALLAGA	ALTO SAPOSOA				"
"210206	SAN MARTIN	HUALLAGA	EL ESLABON				"
"210202	SAN MARTIN	HUALLAGA	PISCOYACU				"
"210203	SAN MARTIN	HUALLAGA	SACANCHE				"
"210204	SAN MARTIN	HUALLAGA	TINGO DE SAPOSOA				"
"210301	SAN MARTIN	LAMAS	LAMAS				"
"210315	SAN MARTIN	LAMAS	ALONSO DE ALVARADO				"
"210303	SAN MARTIN	LAMAS	BARRANQUITA				"
"210304	SAN MARTIN	LAMAS	CAYNARACHI				"
"210305	SAN MARTIN	LAMAS	CU��UMBUQU"
"210306	SAN MARTIN	LAMAS	PINTO RECODO				"
"210307	SAN MARTIN	LAMAS	RUMISAPA				"
"210316	SAN MARTIN	LAMAS	SAN ROQUE DE CUMBAZA				"
"210311	SAN MARTIN	LAMAS	SHANAO				"
"210313	SAN MARTIN	LAMAS	TABALOSOS				"
"210314	SAN MARTIN	LAMAS	ZAPATERO				"
"210401	SAN MARTIN	MARISCAL CACERES	JUANJUI				"
"210402	SAN MARTIN	MARISCAL CACERES	CAMPANILLA				"
"210403	SAN MARTIN	MARISCAL CACERES	HUICUNGO				"
"210404	SAN MARTIN	MARISCAL CACERES	PACHIZA				"
"210405	SAN MARTIN	MARISCAL CACERES	PAJARILLO				"
"210901	SAN MARTIN	PICOTA	PICOTA				"
"210902	SAN MARTIN	PICOTA	BUENOS AIRES				"
"210903	SAN MARTIN	PICOTA	CASPISAPA				"
"210904	SAN MARTIN	PICOTA	PILLUANA				"
"210905	SAN MARTIN	PICOTA	PUCACACA				"
"210906	SAN MARTIN	PICOTA	SAN CRISTOBAL				"
"210907	SAN MARTIN	PICOTA	SAN HILARION				"
"210910	SAN MARTIN	PICOTA	SHAMBOYACU				"
"210908	SAN MARTIN	PICOTA	TINGO DE PONASA				"
"210909	SAN MARTIN	PICOTA	TRES UNIDOS				"
"210501	SAN MARTIN	RIOJA	RIOJA				"
"210509	SAN MARTIN	RIOJA	AWAJUN				"
"210506	SAN MARTIN	RIOJA	ELIAS SOPLIN VARGAS				"
"210505	SAN MARTIN	RIOJA	NUEVA CAJAMARCA				"
"210508	SAN MARTIN	RIOJA	PARDO MIGUEL				"
"210502	SAN MARTIN	RIOJA	POSIC				"
"210507	SAN MARTIN	RIOJA	SAN FERNANDO				"
"210503	SAN MARTIN	RIOJA	YORONGOS				"
"210504	SAN MARTIN	RIOJA	YURACYACU				"
"210601	SAN MARTIN	SAN MARTIN	TARAPOTO				"
"210602	SAN MARTIN	SAN MARTIN	ALBERTO LEVEAU				"
"210604	SAN MARTIN	SAN MARTIN	CACATACHI				"
"210606	SAN MARTIN	SAN MARTIN	CHAZUTA				"
"210607	SAN MARTIN	SAN MARTIN	CHIPURANA				"
"210608	SAN MARTIN	SAN MARTIN	EL PORVENIR				"
"210609	SAN MARTIN	SAN MARTIN	HUIMBAYOC				"
"210610	SAN MARTIN	SAN MARTIN	JUAN GUERRA				"
"210621	SAN MARTIN	SAN MARTIN	LA BANDA DE SHILCAYO				"
"210611	SAN MARTIN	SAN MARTIN	MORALES				"
"210612	SAN MARTIN	SAN MARTIN	PAPAPLAYA				"
"210616	SAN MARTIN	SAN MARTIN	SAN ANTONIO				"
"210619	SAN MARTIN	SAN MARTIN	SAUCE				"
"210620	SAN MARTIN	SAN MARTIN	SHAPAJA				"
"210801	SAN MARTIN	TOCACHE	TOCACHE				"
"210802	SAN MARTIN	TOCACHE	NUEVO PROGRESO				"
"210803	SAN MARTIN	TOCACHE	POLVORA				"
"210804	SAN MARTIN	TOCACHE	SHUNTE				"
"210805	SAN MARTIN	TOCACHE	UCHIZA				"
"220101	TACNA	TACNA	TACNA				"
"220111	TACNA	TACNA	ALTO DE LA ALIANZA				"
"220102	TACNA	TACNA	CALANA				"
"220112	TACNA	TACNA	CIUDAD NUEVA				"
"220104	TACNA	TACNA	INCLAN				"
"220107	TACNA	TACNA	PACHIA				"
"220108	TACNA	TACNA	PALCA				"
"220109	TACNA	TACNA	POCOLLAY				"
"220110	TACNA	TACNA	SAMA				"
"220113	TACNA	TACNA	CORONEL GREGORIO ALBARRACIN LANCHIP				"
"220114	TACNA	TACNA	LA YARADA LOS PALOS				"
"220401	TACNA	CANDARAVE	CANDARAVE				"
"220402	TACNA	CANDARAVE	CAIRANI				"
"220406	TACNA	CANDARAVE	CAMILACA				"
"220403	TACNA	CANDARAVE	CURIBAYA				"
"220404	TACNA	CANDARAVE	HUANUARA				"
"220405	TACNA	CANDARAVE	QUILAHUANI				"
"220301	TACNA	JORGE BASADRE	LOCUMBA				"
"220303	TACNA	JORGE BASADRE	ILABAYA				"
"220302	TACNA	JORGE BASADRE	ITE				"
"220201	TACNA	TARATA	TARATA				"
"220205	TACNA	TARATA	CHUCATAMANI				"
"220206	TACNA	TARATA	ESTIQUE				"
"220207	TACNA	TARATA	ESTIQUE-PAMPA				"
"220210	TACNA	TARATA	SITAJARA				"
"220211	TACNA	TARATA	SUSAPAYA				"
"220212	TACNA	TARATA	TARUCACHI				"
"220213	TACNA	TARATA	TICACO				"
"230101	TUMBES	TUMBES	TUMBES				"
"230102	TUMBES	TUMBES	CORRALES				"
"230103	TUMBES	TUMBES	LA CRUZ				"
"230104	TUMBES	TUMBES	PAMPAS DE HOSPITAL				"
"230105	TUMBES	TUMBES	SAN JACINTO				"
"230106	TUMBES	TUMBES	SAN JUAN DE LA VIRGEN				"
